host	source_path	source_sha256	kind	classification	disposition	destination	destination_sha256	transform
spark1-ts	/home/jjlink/inference/benchmarks/benchmark-dashboard.html	05b184914f750f6db4b11e028d9750d90b13b36d226af8bc7f9a131be4475675	generated-file	generated	generated-ignore	-	-	generated-file
spark1-ts	/home/jjlink/inference/benchmarks/results	-	excluded-root	generated-ignore	generated-ignore	-	-	excluded-root
spark1-ts	/home/jjlink/inference/benchmarks/serve-dashboard.sh	6a1506476f276414fe3b7eed25db2c02d6037eab3fcf0d9232832614fe452953	source-file	workspace-source	wsl-wins	benchmarks/serve-dashboard.sh	0d965850b953d42ea1599e079241295a1d1aa32008924e7d6400a582cbdd0b8f	confirmed-wsl-conflict
spark1-ts	/home/jjlink/inference/benchmarks/vllm_dflash_tune_gemma4_spark.sh	eb88ca8dd167522d4f03ebc556162bd11567214beb6a1f3812ea20ffba6a70b9	source-file	workspace-source	import	benchmarks/vllm_dflash_tune_gemma4_spark.sh	eb88ca8dd167522d4f03ebc556162bd11567214beb6a1f3812ea20ffba6a70b9	identity-copy
spark1-ts	/home/jjlink/inference/benchmarks/vllm_spec_tune_local.sh	43607b309a6dabf638b45c88813140fd129ca32331b18df7d23a82696e6acf0f	source-file	workspace-source	wsl-wins	benchmarks/vllm_spec_tune_local.sh	bc08a8cc2df1a6bf2be47f4a0e985144b2c8760a110d59d0a0670056079cf29e	confirmed-wsl-conflict
spark1-ts	/home/jjlink/inference/experiments/qwen36-27b-hybrid-depth-study	-	excluded-root	generated-ignore	generated-ignore	-	-	excluded-root
spark1-ts	/home/jjlink/inference/experiments/qwen36-27b-hybrid-depth-study/run_depth_candidate.py	83de90b9d8e47f9a249b8bd60b83e1c82e27e53aa9ce864e454382ed68a69065	source-file	workspace-source	wsl-wins	experiments/qwen36-27b-hybrid-depth-study/run_depth_candidate.py	04c666a8470831461d477cd62724e16f6f7283b6029af6e47fc5c7dced402f2e	confirmed-wsl-conflict
spark1-ts	/home/jjlink/inference/experiments/qwen36-27b-hybrid-depth-study/run_omp_candidate.py	2e3cac18499bdcdac11b42dd0bb3a7ecd11e6cb8c34337ff2f2b5dcb59ec1365	source-file	workspace-source	merge	experiments/qwen36-27b-hybrid-depth-study/run_omp_candidate.py	2e3cac18499bdcdac11b42dd0bb3a7ecd11e6cb8c34337ff2f2b5dcb59ec1365	identical-source
spark1-ts	/home/jjlink/inference/experiments/qwen36-27b-hybrid-depth-study/run_thinkingcap_spec_sweep.py	d847581f9282ce9ab292467667420997f7f4c084ea34e9b7862e63fe0090b65e	source-file	workspace-source	merge	experiments/qwen36-27b-hybrid-depth-study/run_thinkingcap_spec_sweep.py	d847581f9282ce9ab292467667420997f7f4c084ea34e9b7862e63fe0090b65e	identical-source
spark1-ts	/home/jjlink/inference/experiments/thinkingcap-spec-sweep-20260720	-	excluded-root	generated-ignore	generated-ignore	-	-	excluded-root
spark1-ts	/home/jjlink/inference/run_vllm_docker.sh	25b67a9cbb0ff23a67c3e3c75ac26def07bae692d4055c791123413a530fce26	source-file	workspace-source	merge	runtime/spark/source/original-run_vllm_docker.sh	25b67a9cbb0ff23a67c3e3c75ac26def07bae692d4055c791123413a530fce26	identity-copy
spark1-ts	/home/jjlink/inference/serve.sh	0327ba52303309387c5dd1559067a70e39a6c7888e2a110a09734a3fadc2b9c4	source-file	workspace-source	import	migration/originals/spark1-ts/serve.sh	0327ba52303309387c5dd1559067a70e39a6c7888e2a110a09734a3fadc2b9c4	identity-copy
spark1-ts	/home/jjlink/inference/serve/vllm/serve_gemma4_31b_nvfp4.sh	ab38bc34fe517e73bfd3a1abc1d2068f1455df8532e329235407ac2b285f74e4	source-file	workspace-source	merge	serve/vllm/spark/melcheikh_gemma4_31b_it_qat_nvfp4_blackwell/source/spark1-frontdoor.sh	ab38bc34fe517e73bfd3a1abc1d2068f1455df8532e329235407ac2b285f74e4	identity-copy
spark1-ts	/home/jjlink/inference/serve/vllm/serve_poolside_laguna_s_2_1_nvfp4_dflash.sh	654da961a70a535bc65c998c30c31c6460f414fd025ccb0ed7d09e9466ee3f1b	source-file	workspace-source	merge	serve/vllm/spark/poolside_laguna_s_2_1_nvfp4_dflash/source/spark1-frontdoor.sh	654da961a70a535bc65c998c30c31c6460f414fd025ccb0ed7d09e9466ee3f1b	identity-copy
spark1-ts	/home/jjlink/inference/serve/vllm/serve_qwen36_35b_a3b_nvfp4_mtp3.sh	085b8cfa18e06baa32a622d2c596bfd0abc97ba03f342f68ce4377f8eeaf206e	source-file	workspace-source	merge	serve/vllm/spark/unsloth_qwen36_35b_a3b_nvfp4_fast_mtp3/source/spark1-frontdoor.sh	085b8cfa18e06baa32a622d2c596bfd0abc97ba03f342f68ce4377f8eeaf206e	identity-copy
spark1-ts	/home/jjlink/inference/setup_laguna_s_2_1_nvfp4.sh	c38a6a3f464103a83d18312440bf07da2fc7d97b4dbf855e6d46ced8c59308ba	source-file	workspace-source	merge	serve/vllm/spark/poolside_laguna_s_2_1_nvfp4_dflash/source/setup_laguna.sh	c38a6a3f464103a83d18312440bf07da2fc7d97b4dbf855e6d46ced8c59308ba	identity-copy
spark1-ts	/home/jjlink/inference/sglang/Gemma-4-31B-IT-NVFP4-DFlash/dflash-tune-extended-20260612-212756.tsv	18f19c41b5c1631083d4ee2a775e93a4220ddaa5830425b28abdc5e68782b32d	generated-file	generated	generated-ignore	-	-	generated-tuning-result
spark1-ts	/home/jjlink/inference/sglang/Gemma-4-31B-IT-NVFP4-DFlash/dflash-tune-extended-20260612-214542.tsv	5a5dacf5cadea062ccea40e22a484d5854e531c7665ecb0722be7869d9e644fb	generated-file	generated	generated-ignore	-	-	generated-tuning-result
spark1-ts	/home/jjlink/inference/sglang/Gemma-4-31B-IT-NVFP4-DFlash/docker-compose.yml	a73fb727850f25f91c0d84def6adce304ef5f3be5a9e60fb0b46121e289a1b1e	source-file	workspace-source	merge	serve/sglang/spark/nvidia_gemma4_31b_it_nvfp4_dflash/source/variants/spark1-ts/Gemma-4-31B-IT-NVFP4-DFlash/docker-compose.yml	a73fb727850f25f91c0d84def6adce304ef5f3be5a9e60fb0b46121e289a1b1e	identity-copy
spark1-ts	/home/jjlink/inference/sglang/Gemma-4-31B-IT-NVFP4-DFlash/docker-compose.yml.new	f53846eb25c0b8a34ebb44a807b1e68f38fa29438d6941531a790ec21ac7b1dd	source-file	workspace-source	archive-only	-	-	secret-or-obsolete-local-variant
spark1-ts	/home/jjlink/inference/sglang/Gemma-4-31B-IT-NVFP4-DFlash/tune-run.log	6936cdb38f2981e27f544718cce7920d9610d3b003039e552430fb82c80d4bb5	generated-file	generated	generated-ignore	-	-	generated-file
spark1-ts	/home/jjlink/inference/sglang/Qwen3.6-27B-FP8-DFlash/.docker-compose.yml.tune-backup	e829156136ea40ac2fc030b7a8c53ccc2f8ac34eab52f505d0a0cd4ea238a604	source-file	workspace-source	archive-only	-	-	secret-or-obsolete-local-variant
spark1-ts	/home/jjlink/inference/sglang/Qwen3.6-27B-FP8-DFlash/dflash-tune-extended-20260609-080817.tsv	090bd250bb911825e19670e88e1f2770a66cb9a666c85c51a3a827178b51c57f	generated-file	generated	generated-ignore	-	-	generated-tuning-result
spark1-ts	/home/jjlink/inference/sglang/Qwen3.6-27B-FP8-DFlash/dflash-tune-extended-20260609-180413.tsv	91813f477bb1163104085291d1eb48b4a919650dc2b92916048cd53747b2f34d	generated-file	generated	generated-ignore	-	-	generated-tuning-result
spark1-ts	/home/jjlink/inference/sglang/Qwen3.6-27B-FP8-DFlash/dflash-tune-extended-20260609-200839.tsv	f36a6a4b9ddcf26539c0207768b51cb93306552f39a74782c8d5a012102dc6ed	generated-file	generated	generated-ignore	-	-	generated-tuning-result
spark1-ts	/home/jjlink/inference/sglang/Qwen3.6-27B-FP8-DFlash/dflash-tune-extended-20260609-203145.tsv	db10bfc83a0cd4f5474f04c8be936a420689764aaedca927a3021d48228b72e6	generated-file	generated	generated-ignore	-	-	generated-tuning-result
spark1-ts	/home/jjlink/inference/sglang/Qwen3.6-27B-FP8-DFlash/docker-compose.yml	a41df894519d52a057e2c2f0129371f5a785ead748ccc64b8abfa8b291ce63c8	source-file	workspace-source	merge	serve/sglang/spark/qwen36_27b_fp8_dflash/source/variants/spark1-ts/Qwen3.6-27B-FP8-DFlash/docker-compose.yml	a41df894519d52a057e2c2f0129371f5a785ead748ccc64b8abfa8b291ce63c8	identity-copy
spark1-ts	/home/jjlink/inference/sglang/Qwen3.6-27B-FP8-DFlash/scripts/down.sh	3819194a401cb7f3462a1a1e76b366752667caa26afbf03bfdea35bccff57be0	source-file	workspace-source	merge	serve/sglang/spark/qwen36_27b_fp8_dflash/source/variants/spark1-ts/Qwen3.6-27B-FP8-DFlash/scripts/down.sh	3819194a401cb7f3462a1a1e76b366752667caa26afbf03bfdea35bccff57be0	identity-copy
spark1-ts	/home/jjlink/inference/sglang/Qwen3.6-27B-FP8-DFlash/scripts/logs.sh	4c098ef3a1f86f21e22e5d132728c02ed0d00b891c3df9ad55143970628a8164	source-file	workspace-source	merge	serve/sglang/spark/qwen36_27b_fp8_dflash/source/variants/spark1-ts/Qwen3.6-27B-FP8-DFlash/scripts/logs.sh	4c098ef3a1f86f21e22e5d132728c02ed0d00b891c3df9ad55143970628a8164	identity-copy
spark1-ts	/home/jjlink/inference/sglang/Qwen3.6-27B-FP8-DFlash/scripts/test.sh	1580bfbc9c2e7dd75b5bdebfa5624fb4c8da77bcfc85a8ac3efe0ab52680ce15	source-file	workspace-source	merge	serve/sglang/spark/qwen36_27b_fp8_dflash/source/variants/spark1-ts/Qwen3.6-27B-FP8-DFlash/scripts/test.sh	1580bfbc9c2e7dd75b5bdebfa5624fb4c8da77bcfc85a8ac3efe0ab52680ce15	identity-copy
spark1-ts	/home/jjlink/inference/sglang/Qwen3.6-27B-FP8-DFlash/scripts/tune-dflash.sh	31a66019fe58594984ef2c2a4c855aafb83f8c34e4f65c7d353cd5cab3330d7a	source-file	workspace-source	merge	serve/sglang/spark/qwen36_27b_fp8_dflash/source/variants/spark1-ts/Qwen3.6-27B-FP8-DFlash/scripts/tune-dflash.sh	31a66019fe58594984ef2c2a4c855aafb83f8c34e4f65c7d353cd5cab3330d7a	identity-copy
spark1-ts	/home/jjlink/inference/sglang/Qwen3.6-27B-FP8-DFlash/scripts/up.sh	156ae208d9bb941fb32513f155d59a92a98b6851db97e225e742429b2d6c5e6f	source-file	workspace-source	merge	serve/sglang/spark/qwen36_27b_fp8_dflash/source/variants/spark1-ts/Qwen3.6-27B-FP8-DFlash/scripts/up.sh	156ae208d9bb941fb32513f155d59a92a98b6851db97e225e742429b2d6c5e6f	identity-copy
spark1-ts	/home/jjlink/inference/sglang/Qwen3.6-27B-FP8-EAGLE3/docker-compose.yml	384da88cea4c8d3e86cef640589707d159219bd177f7fba1f9733514d1fb21a5	source-file	workspace-source	merge	serve/sglang/spark/qwen36_27b_fp8_eagle3/source/variants/spark1-ts/Qwen3.6-27B-FP8-EAGLE3/docker-compose.yml	384da88cea4c8d3e86cef640589707d159219bd177f7fba1f9733514d1fb21a5	identity-copy
spark1-ts	/home/jjlink/inference/sglang/Qwen3.6-27B-FP8-EAGLE3/eagle3-tune-20260614-125836.tsv	15bb1d62fd60559d847d46a27492828b5f962d14335e938d0bb969825aed0c11	generated-file	generated	generated-ignore	-	-	generated-tuning-result
spark1-ts	/home/jjlink/inference/sglang/Qwen3.6-27B-FP8-EAGLE3/eagle3-tune-20260614-140632.tsv	f34f4fdf99ac0761c0595acf59f54bb340c4adff19b124a99ee8200e3d6476f9	generated-file	generated	generated-ignore	-	-	generated-tuning-result
spark1-ts	/home/jjlink/inference/sglang/Qwen3.6-27B-FP8-EAGLE3/eagle3-tune-spark.log	1b950f53f85b3a37d81c82733b3e932fb11dc05a1590b0a1b8c08b7ff83af48a	generated-file	generated	generated-ignore	-	-	generated-file
spark1-ts	/home/jjlink/inference/sglang/Qwen3.6-27B-FP8-EAGLE3/tune.sh	6bdb694a74c99de84eb79dbaa7e6b59c00edca753cd88e772f8a8ab136acf355	source-file	workspace-source	merge	serve/sglang/spark/qwen36_27b_fp8_eagle3/source/variants/spark1-ts/Qwen3.6-27B-FP8-EAGLE3/tune.sh	6bdb694a74c99de84eb79dbaa7e6b59c00edca753cd88e772f8a8ab136acf355	identity-copy
spark1-ts	/home/jjlink/inference/sglang/Qwen3.6-27B-FP8/docker-compose.yml	210b1520f2542816c397c824b9b7d29aa7a8b413d7063f236daf4b83335c3b28	source-file	workspace-source	merge	serve/sglang/spark/qwen36_27b_fp8/source/variants/spark1-ts/Qwen3.6-27B-FP8/docker-compose.yml	210b1520f2542816c397c824b9b7d29aa7a8b413d7063f236daf4b83335c3b28	identity-copy
spark1-ts	/home/jjlink/inference/sglang/Qwen3.6-27B-NVFP4-nvidia-DFlash/.env	39e103e2f958e1a16501c272a0df0b0bcf808e68848419a4bb9c6c9969d57074	source-file	workspace-source	archive-only	-	-	secret-or-obsolete-local-variant
spark1-ts	/home/jjlink/inference/sglang/Qwen3.6-27B-NVFP4-nvidia-DFlash/.env.example	bede8750da1daf7ef82d99a15d8fefe0e034ad3e184537e64c336057d1d6e937	source-file	workspace-source	merge	serve/sglang/spark/nvidia_qwen36_27b_nvfp4_dflash/source/variants/spark1-ts/Qwen3.6-27B-NVFP4-nvidia-DFlash/.env.example	bede8750da1daf7ef82d99a15d8fefe0e034ad3e184537e64c336057d1d6e937	identity-copy
spark1-ts	/home/jjlink/inference/sglang/Qwen3.6-27B-NVFP4-nvidia-DFlash/README.md	9800c35d15de9494c339e90ae0a7699618a164d1ca250ce7217f596312d5aeb3	source-file	workspace-source	merge	serve/sglang/spark/nvidia_qwen36_27b_nvfp4_dflash/source/variants/spark1-ts/Qwen3.6-27B-NVFP4-nvidia-DFlash/README.md	9800c35d15de9494c339e90ae0a7699618a164d1ca250ce7217f596312d5aeb3	identity-copy
spark1-ts	/home/jjlink/inference/sglang/Qwen3.6-27B-NVFP4-nvidia-DFlash/dflash-tune-20260603-134500.tsv	205c154f101f0df6df78837ee14f393a8f8226a85c2223469a879ff116bf5d0e	generated-file	generated	generated-ignore	-	-	generated-tuning-result
spark1-ts	/home/jjlink/inference/sglang/Qwen3.6-27B-NVFP4-nvidia-DFlash/dflash-tune-extended-20260609-213747.tsv	a8b14fd8f121e62c0e71527f5568c9e8176d7b788c291510976dfbe4a6dfeed6	generated-file	generated	generated-ignore	-	-	generated-tuning-result
spark1-ts	/home/jjlink/inference/sglang/Qwen3.6-27B-NVFP4-nvidia-DFlash/dflash-tune-extended-20260707-065805.tsv	8fc4ecc778abccf367196e0323c0e8d76538fa07d016ef238787401b61b78250	generated-file	generated	generated-ignore	-	-	generated-tuning-result
spark1-ts	/home/jjlink/inference/sglang/Qwen3.6-27B-NVFP4-nvidia-DFlash/dflash-tune-extended-port8001-20260707-070045.tsv	f36a6a4b9ddcf26539c0207768b51cb93306552f39a74782c8d5a012102dc6ed	generated-file	generated	generated-ignore	-	-	generated-tuning-result
spark1-ts	/home/jjlink/inference/sglang/Qwen3.6-27B-NVFP4-nvidia-DFlash/dflash-tune-qwen36-nvfp4-port8001-20260707-070004.outer.log	262d3996fff9ecc75526bfdda7d442b69c7b51f4dc2e6486e0982139e6d77f5a	generated-file	generated	generated-ignore	-	-	generated-file
spark1-ts	/home/jjlink/inference/sglang/Qwen3.6-27B-NVFP4-nvidia-DFlash/dflash-tune-qwen36-nvfp4-port8001-20260707-070045.outer.log	7315d2c10d86e76119b15f3648ec87d324574b803d57f6a0c2296ac19e78c26b	generated-file	generated	generated-ignore	-	-	generated-file
spark1-ts	/home/jjlink/inference/sglang/Qwen3.6-27B-NVFP4-nvidia-DFlash/docker-compose.yml	2916f1bf44d99895b1002070a251eeb1527aa0a5e2ec6745dea1078b541b7d18	source-file	workspace-source	merge	serve/sglang/spark/nvidia_qwen36_27b_nvfp4_dflash/source/variants/spark1-ts/Qwen3.6-27B-NVFP4-nvidia-DFlash/docker-compose.yml	2916f1bf44d99895b1002070a251eeb1527aa0a5e2ec6745dea1078b541b7d18	identity-copy
spark1-ts	/home/jjlink/inference/sglang/Qwen3.6-27B-NVFP4-nvidia-DFlash/docker-compose.yml.bak-20260718-193306-modelopt	27142598aa0d5abeab7d45800c83bcb733fbfbdadd6736abe78e3c59f9b43312	source-file	workspace-source	archive-only	-	-	secret-or-obsolete-local-variant
spark1-ts	/home/jjlink/inference/sglang/Qwen3.6-27B-NVFP4-nvidia-DFlash/port-proxy.log	84fdac32df53970623da9bb05df2475c357cb701894e529e3ff4ec1f6354bd14	generated-file	generated	generated-ignore	-	-	generated-file
spark1-ts	/home/jjlink/inference/sglang/Qwen3.6-27B-NVFP4-nvidia-DFlash/scripts/down.sh	3819194a401cb7f3462a1a1e76b366752667caa26afbf03bfdea35bccff57be0	source-file	workspace-source	merge	serve/sglang/spark/nvidia_qwen36_27b_nvfp4_dflash/source/variants/spark1-ts/Qwen3.6-27B-NVFP4-nvidia-DFlash/scripts/down.sh	3819194a401cb7f3462a1a1e76b366752667caa26afbf03bfdea35bccff57be0	identity-copy
spark1-ts	/home/jjlink/inference/sglang/Qwen3.6-27B-NVFP4-nvidia-DFlash/scripts/logs.sh	4c098ef3a1f86f21e22e5d132728c02ed0d00b891c3df9ad55143970628a8164	source-file	workspace-source	merge	serve/sglang/spark/nvidia_qwen36_27b_nvfp4_dflash/source/variants/spark1-ts/Qwen3.6-27B-NVFP4-nvidia-DFlash/scripts/logs.sh	4c098ef3a1f86f21e22e5d132728c02ed0d00b891c3df9ad55143970628a8164	identity-copy
spark1-ts	/home/jjlink/inference/sglang/Qwen3.6-27B-NVFP4-nvidia-DFlash/scripts/port-proxy.py	379f84d5c1658702907af409daf0bc9074266baffb9ec6bd02643ba79fc320a2	source-file	workspace-source	merge	serve/sglang/spark/nvidia_qwen36_27b_nvfp4_dflash/source/variants/spark1-ts/Qwen3.6-27B-NVFP4-nvidia-DFlash/scripts/port-proxy.py	379f84d5c1658702907af409daf0bc9074266baffb9ec6bd02643ba79fc320a2	identity-copy
spark1-ts	/home/jjlink/inference/sglang/Qwen3.6-27B-NVFP4-nvidia-DFlash/scripts/test.sh	ab499d773f2be8db25394226d10a6f6c5d30b813a63df80479bb70c0878c6a11	source-file	workspace-source	merge	serve/sglang/spark/nvidia_qwen36_27b_nvfp4_dflash/source/variants/spark1-ts/Qwen3.6-27B-NVFP4-nvidia-DFlash/scripts/test.sh	ab499d773f2be8db25394226d10a6f6c5d30b813a63df80479bb70c0878c6a11	identity-copy
spark1-ts	/home/jjlink/inference/sglang/Qwen3.6-27B-NVFP4-nvidia-DFlash/scripts/test.sh.bak-20260718-repair	b725ce04d071c52e6118ca3dc80e66854da2bb23626d288dd18d97e260c7f65a	source-file	workspace-source	archive-only	-	-	secret-or-obsolete-local-variant
spark1-ts	/home/jjlink/inference/sglang/Qwen3.6-27B-NVFP4-nvidia-DFlash/scripts/tune-dflash.sh	bf91db5eaa73d71ece1fdc1ab7b977d1af6904e3ebf5714fbee9120826a17fd8	source-file	workspace-source	merge	serve/sglang/spark/nvidia_qwen36_27b_nvfp4_dflash/source/variants/spark1-ts/Qwen3.6-27B-NVFP4-nvidia-DFlash/scripts/tune-dflash.sh	bf91db5eaa73d71ece1fdc1ab7b977d1af6904e3ebf5714fbee9120826a17fd8	identity-copy
spark1-ts	/home/jjlink/inference/sglang/Qwen3.6-27B-NVFP4-nvidia-DFlash/scripts/tune-dflash.sh.bak-20260611-port-publish	e3e2c3f557855a490bc1cc94526e1c6bdf2a093d01b9bab5c4d99bec9487565d	source-file	workspace-source	archive-only	-	-	secret-or-obsolete-local-variant
spark1-ts	/home/jjlink/inference/sglang/Qwen3.6-27B-NVFP4-nvidia-DFlash/scripts/tune-dflash.sh.bak-20260718-repair	e3e2c3f557855a490bc1cc94526e1c6bdf2a093d01b9bab5c4d99bec9487565d	source-file	workspace-source	archive-only	-	-	secret-or-obsolete-local-variant
spark1-ts	/home/jjlink/inference/sglang/Qwen3.6-27B-NVFP4-nvidia-DFlash/scripts/up.sh	156ae208d9bb941fb32513f155d59a92a98b6851db97e225e742429b2d6c5e6f	source-file	workspace-source	merge	serve/sglang/spark/nvidia_qwen36_27b_nvfp4_dflash/source/variants/spark1-ts/Qwen3.6-27B-NVFP4-nvidia-DFlash/scripts/up.sh	156ae208d9bb941fb32513f155d59a92a98b6851db97e225e742429b2d6c5e6f	identity-copy
spark1-ts	/home/jjlink/inference/sglang/Qwen3.6-27B-NVFP4-nvidia-DFlash/scripts/up.sh.bak-20260611-port-publish	156ae208d9bb941fb32513f155d59a92a98b6851db97e225e742429b2d6c5e6f	source-file	workspace-source	archive-only	-	-	secret-or-obsolete-local-variant
spark1-ts	/home/jjlink/inference/sglang/Qwen3.6-27B-NVFP4-nvidia-DFlash/tune-qwen36-nvfp4-20260707-065804.log	51b3b0791565a2e9ebdbc9ef3de1e1627dd9fd184aff010a8964c0b104bffe6a	generated-file	generated	generated-ignore	-	-	generated-file
spark1-ts	/home/jjlink/inference/sglang/Qwen3.6-27B-NVFP4-nvidia-DFlash/tune-run.log	cf54a526d73cb6081ee833d807708556c05435aa0a09120eff75f5245283b726	generated-file	generated	generated-ignore	-	-	generated-file
spark1-ts	/home/jjlink/inference/sglang/Qwen3.6-27B-NVFP4-nvidia/.env	39e103e2f958e1a16501c272a0df0b0bcf808e68848419a4bb9c6c9969d57074	source-file	workspace-source	archive-only	-	-	secret-or-obsolete-local-variant
spark1-ts	/home/jjlink/inference/sglang/Qwen3.6-27B-NVFP4-nvidia/docker-compose.yml	74c0c812a934c5bb8fd3f30bf25b667f231ff0b75a131f235edcdc158bbeae0f	source-file	workspace-source	merge	serve/sglang/spark/nvidia_qwen36_27b_nvfp4/source/variants/spark1-ts/Qwen3.6-27B-NVFP4-nvidia/docker-compose.yml	74c0c812a934c5bb8fd3f30bf25b667f231ff0b75a131f235edcdc158bbeae0f	identity-copy
spark1-ts	/home/jjlink/inference/sglang/Qwen3.6-27B-NVFP4-nvidia/scripts/serve.sh	135730aa0cf1620fc4cde84274f78b14963d96d977d90773becc1fda9f0c4ffc	source-file	workspace-source	merge	serve/sglang/spark/nvidia_qwen36_27b_nvfp4/source/variants/spark1-ts/Qwen3.6-27B-NVFP4-nvidia/scripts/serve.sh	135730aa0cf1620fc4cde84274f78b14963d96d977d90773becc1fda9f0c4ffc	identity-copy
spark1-ts	/home/jjlink/inference/sglang/Qwen3.6-27B-NVFP4-nvidia/scripts/serve_qwen36_27b_nvfp4.sh	09583de96f1a803b7c7355380d7577c185548c2f8d3732c595d8fdbc025ab02e	source-file	workspace-source	merge	serve/sglang/spark/nvidia_qwen36_27b_nvfp4/source/variants/spark1-ts/Qwen3.6-27B-NVFP4-nvidia/scripts/serve_qwen36_27b_nvfp4.sh	09583de96f1a803b7c7355380d7577c185548c2f8d3732c595d8fdbc025ab02e	identity-copy
spark1-ts	/home/jjlink/inference/sglang/Qwen3.6-27B-NVFP4-nvidia/scripts/tune-dflash.sh	31a66019fe58594984ef2c2a4c855aafb83f8c34e4f65c7d353cd5cab3330d7a	source-file	workspace-source	merge	serve/sglang/spark/nvidia_qwen36_27b_nvfp4/source/variants/spark1-ts/Qwen3.6-27B-NVFP4-nvidia/scripts/tune-dflash.sh	31a66019fe58594984ef2c2a4c855aafb83f8c34e4f65c7d353cd5cab3330d7a	identity-copy
spark1-ts	/home/jjlink/inference/sglang/Qwen3.6-27B-NVFP4-unsloth-DFlash/.env	39e103e2f958e1a16501c272a0df0b0bcf808e68848419a4bb9c6c9969d57074	source-file	workspace-source	archive-only	-	-	secret-or-obsolete-local-variant
spark1-ts	/home/jjlink/inference/sglang/Qwen3.6-27B-NVFP4-unsloth-DFlash/.env.example	bede8750da1daf7ef82d99a15d8fefe0e034ad3e184537e64c336057d1d6e937	source-file	workspace-source	merge	serve/sglang/spark/unsloth_qwen36_27b_nvfp4_dflash/source/variants/spark1-ts/Qwen3.6-27B-NVFP4-unsloth-DFlash/.env.example	bede8750da1daf7ef82d99a15d8fefe0e034ad3e184537e64c336057d1d6e937	identity-copy
spark1-ts	/home/jjlink/inference/sglang/Qwen3.6-27B-NVFP4-unsloth-DFlash/docker-compose.yml	a333ecaeb509dc382669692da5fbf2a9e2e02e760a6193f9e73601feb069fe97	source-file	workspace-source	merge	serve/sglang/spark/unsloth_qwen36_27b_nvfp4_dflash/source/variants/spark1-ts/Qwen3.6-27B-NVFP4-unsloth-DFlash/docker-compose.yml	a333ecaeb509dc382669692da5fbf2a9e2e02e760a6193f9e73601feb069fe97	identity-copy
spark1-ts	/home/jjlink/inference/sglang/Qwen3.6-27B-NVFP4-unsloth-DFlash/scripts/down.sh	3819194a401cb7f3462a1a1e76b366752667caa26afbf03bfdea35bccff57be0	source-file	workspace-source	merge	serve/sglang/spark/unsloth_qwen36_27b_nvfp4_dflash/source/variants/spark1-ts/Qwen3.6-27B-NVFP4-unsloth-DFlash/scripts/down.sh	3819194a401cb7f3462a1a1e76b366752667caa26afbf03bfdea35bccff57be0	identity-copy
spark1-ts	/home/jjlink/inference/sglang/Qwen3.6-27B-NVFP4-unsloth-DFlash/scripts/logs.sh	4c098ef3a1f86f21e22e5d132728c02ed0d00b891c3df9ad55143970628a8164	source-file	workspace-source	merge	serve/sglang/spark/unsloth_qwen36_27b_nvfp4_dflash/source/variants/spark1-ts/Qwen3.6-27B-NVFP4-unsloth-DFlash/scripts/logs.sh	4c098ef3a1f86f21e22e5d132728c02ed0d00b891c3df9ad55143970628a8164	identity-copy
spark1-ts	/home/jjlink/inference/sglang/Qwen3.6-27B-NVFP4-unsloth-DFlash/scripts/test.sh	7dc8806c2ac6b2571ade9911eb2512a63b651aeae70a53ffc2590725e9f1bad7	source-file	workspace-source	merge	serve/sglang/spark/unsloth_qwen36_27b_nvfp4_dflash/source/variants/spark1-ts/Qwen3.6-27B-NVFP4-unsloth-DFlash/scripts/test.sh	7dc8806c2ac6b2571ade9911eb2512a63b651aeae70a53ffc2590725e9f1bad7	identity-copy
spark1-ts	/home/jjlink/inference/sglang/Qwen3.6-27B-NVFP4-unsloth-DFlash/scripts/tune-dflash.sh	8e83c69deccc721ed4d25b6e572f32403e1d9b1d2110e42d611a84a89b464bdc	source-file	workspace-source	merge	serve/sglang/spark/unsloth_qwen36_27b_nvfp4_dflash/source/variants/spark1-ts/Qwen3.6-27B-NVFP4-unsloth-DFlash/scripts/tune-dflash.sh	8e83c69deccc721ed4d25b6e572f32403e1d9b1d2110e42d611a84a89b464bdc	identity-copy
spark1-ts	/home/jjlink/inference/sglang/Qwen3.6-27B-NVFP4-unsloth-DFlash/scripts/up.sh	156ae208d9bb941fb32513f155d59a92a98b6851db97e225e742429b2d6c5e6f	source-file	workspace-source	merge	serve/sglang/spark/unsloth_qwen36_27b_nvfp4_dflash/source/variants/spark1-ts/Qwen3.6-27B-NVFP4-unsloth-DFlash/scripts/up.sh	156ae208d9bb941fb32513f155d59a92a98b6851db97e225e742429b2d6c5e6f	identity-copy
spark1-ts	/home/jjlink/inference/sglang/Qwen3.6-27B-NVFP4/docker-compose.yml	7bd1176f6211cff006e2bbe47b2cf778f0ce1249c75ac35a8b1cb3646bd2aeb6	source-file	workspace-source	merge	serve/sglang/spark/unsloth_qwen36_27b_nvfp4/source/variants/spark1-ts/Qwen3.6-27B-NVFP4/docker-compose.yml	7bd1176f6211cff006e2bbe47b2cf778f0ce1249c75ac35a8b1cb3646bd2aeb6	identity-copy
spark1-ts	/home/jjlink/inference/sglang/Qwen3.6-35B-A3B-FP8-DFlash/.env	bede8750da1daf7ef82d99a15d8fefe0e034ad3e184537e64c336057d1d6e937	source-file	workspace-source	archive-only	-	-	secret-or-obsolete-local-variant
spark1-ts	/home/jjlink/inference/sglang/Qwen3.6-35B-A3B-FP8-DFlash/.env.example	bede8750da1daf7ef82d99a15d8fefe0e034ad3e184537e64c336057d1d6e937	source-file	workspace-source	merge	serve/sglang/spark/qwen36_35b_a3b_fp8_dflash/source/variants/spark1-ts/Qwen3.6-35B-A3B-FP8-DFlash/.env.example	bede8750da1daf7ef82d99a15d8fefe0e034ad3e184537e64c336057d1d6e937	identity-copy
spark1-ts	/home/jjlink/inference/sglang/Qwen3.6-35B-A3B-FP8-DFlash/README.md	453a87310191e150ab02c3c882c6d6e3de4c0e45cc6eef9d3a6f3982c301a009	source-file	workspace-source	merge	serve/sglang/spark/qwen36_35b_a3b_fp8_dflash/source/variants/spark1-ts/Qwen3.6-35B-A3B-FP8-DFlash/README.md	453a87310191e150ab02c3c882c6d6e3de4c0e45cc6eef9d3a6f3982c301a009	identity-copy
spark1-ts	/home/jjlink/inference/sglang/Qwen3.6-35B-A3B-FP8-DFlash/dflash-tune-20260604-132330.tsv	603abe728f8759d4a03a1be7dde7bd79c529a4ae4db2aea4cc431459bbf18264	generated-file	generated	generated-ignore	-	-	generated-tuning-result
spark1-ts	/home/jjlink/inference/sglang/Qwen3.6-35B-A3B-FP8-DFlash/docker-compose.yml	719a03dd3881ee9d74fbbad86d8e82de9875e5dfbdd36f69bb2ea82c5be0419f	source-file	workspace-source	merge	serve/sglang/spark/qwen36_35b_a3b_fp8_dflash/source/variants/spark1-ts/Qwen3.6-35B-A3B-FP8-DFlash/docker-compose.yml	719a03dd3881ee9d74fbbad86d8e82de9875e5dfbdd36f69bb2ea82c5be0419f	identity-copy
spark1-ts	/home/jjlink/inference/sglang/Qwen3.6-35B-A3B-FP8-DFlash/scripts/down.sh	3819194a401cb7f3462a1a1e76b366752667caa26afbf03bfdea35bccff57be0	source-file	workspace-source	merge	serve/sglang/spark/qwen36_35b_a3b_fp8_dflash/source/variants/spark1-ts/Qwen3.6-35B-A3B-FP8-DFlash/scripts/down.sh	3819194a401cb7f3462a1a1e76b366752667caa26afbf03bfdea35bccff57be0	identity-copy
spark1-ts	/home/jjlink/inference/sglang/Qwen3.6-35B-A3B-FP8-DFlash/scripts/logs.sh	4c098ef3a1f86f21e22e5d132728c02ed0d00b891c3df9ad55143970628a8164	source-file	workspace-source	merge	serve/sglang/spark/qwen36_35b_a3b_fp8_dflash/source/variants/spark1-ts/Qwen3.6-35B-A3B-FP8-DFlash/scripts/logs.sh	4c098ef3a1f86f21e22e5d132728c02ed0d00b891c3df9ad55143970628a8164	identity-copy
spark1-ts	/home/jjlink/inference/sglang/Qwen3.6-35B-A3B-FP8-DFlash/scripts/test.sh	71d4d62ff36e0d39bb9b11bb1b886db150f5c48be607853c0acc8274b6831bfe	source-file	workspace-source	merge	serve/sglang/spark/qwen36_35b_a3b_fp8_dflash/source/variants/spark1-ts/Qwen3.6-35B-A3B-FP8-DFlash/scripts/test.sh	71d4d62ff36e0d39bb9b11bb1b886db150f5c48be607853c0acc8274b6831bfe	identity-copy
spark1-ts	/home/jjlink/inference/sglang/Qwen3.6-35B-A3B-FP8-DFlash/scripts/tune-dflash.sh	761ad5cd2507447769f1421e01d83cecb993333e906c8d63c391cee551aa00d1	source-file	workspace-source	merge	serve/sglang/spark/qwen36_35b_a3b_fp8_dflash/source/variants/spark1-ts/Qwen3.6-35B-A3B-FP8-DFlash/scripts/tune-dflash.sh	761ad5cd2507447769f1421e01d83cecb993333e906c8d63c391cee551aa00d1	identity-copy
spark1-ts	/home/jjlink/inference/sglang/Qwen3.6-35B-A3B-FP8-DFlash/scripts/up.sh	156ae208d9bb941fb32513f155d59a92a98b6851db97e225e742429b2d6c5e6f	source-file	workspace-source	merge	serve/sglang/spark/qwen36_35b_a3b_fp8_dflash/source/variants/spark1-ts/Qwen3.6-35B-A3B-FP8-DFlash/scripts/up.sh	156ae208d9bb941fb32513f155d59a92a98b6851db97e225e742429b2d6c5e6f	identity-copy
spark1-ts	/home/jjlink/inference/sglang/Qwen3.6-35B-A3B-FP8-DFlash/tune-run.log	aaf8ddc493660f0848c4023f77e2859ceba3167c370fa0cf1cfb377e3342b182	generated-file	generated	generated-ignore	-	-	generated-file
spark1-ts	/home/jjlink/inference/sglang/Qwen3.6-35B-A3B-FP8/docker-compose.yml	20f7cd7f9d3e86843a58f684bc871c6b9c30b95eaccae00d0a534dfd293d47ca	source-file	workspace-source	merge	serve/sglang/spark/qwen36_35b_a3b_fp8/source/variants/spark1-ts/Qwen3.6-35B-A3B-FP8/docker-compose.yml	20f7cd7f9d3e86843a58f684bc871c6b9c30b95eaccae00d0a534dfd293d47ca	identity-copy
spark1-ts	/home/jjlink/inference/sglang/Qwen3.6-35B-A3B-NVFP4-DFlash/.env	bede8750da1daf7ef82d99a15d8fefe0e034ad3e184537e64c336057d1d6e937	source-file	workspace-source	archive-only	-	-	secret-or-obsolete-local-variant
spark1-ts	/home/jjlink/inference/sglang/Qwen3.6-35B-A3B-NVFP4-DFlash/.env.example	bede8750da1daf7ef82d99a15d8fefe0e034ad3e184537e64c336057d1d6e937	source-file	workspace-source	merge	serve/sglang/spark/redhatai_qwen36_35b_a3b_nvfp4_dflash/source/variants/spark1-ts/Qwen3.6-35B-A3B-NVFP4-DFlash/.env.example	bede8750da1daf7ef82d99a15d8fefe0e034ad3e184537e64c336057d1d6e937	identity-copy
spark1-ts	/home/jjlink/inference/sglang/Qwen3.6-35B-A3B-NVFP4-DFlash/README.md	5349ae1f35df1368ace7dd6e99e8e3ce80a674d6dbba943162c65bc0f8508741	source-file	workspace-source	merge	serve/sglang/spark/redhatai_qwen36_35b_a3b_nvfp4_dflash/source/variants/spark1-ts/Qwen3.6-35B-A3B-NVFP4-DFlash/README.md	5349ae1f35df1368ace7dd6e99e8e3ce80a674d6dbba943162c65bc0f8508741	identity-copy
spark1-ts	/home/jjlink/inference/sglang/Qwen3.6-35B-A3B-NVFP4-DFlash/dflash-tune-20260604-113509.tsv	931bfc23d55c172d84028503689016a189d5218620b26b0d0df84a93e0cdd1b7	generated-file	generated	generated-ignore	-	-	generated-tuning-result
spark1-ts	/home/jjlink/inference/sglang/Qwen3.6-35B-A3B-NVFP4-DFlash/docker-compose.yml	942e6c2c09f591f38ff0b35e9d5dd004d100f691bb5b7c64e48a992b88352e06	source-file	workspace-source	merge	serve/sglang/spark/redhatai_qwen36_35b_a3b_nvfp4_dflash/source/variants/spark1-ts/Qwen3.6-35B-A3B-NVFP4-DFlash/docker-compose.yml	942e6c2c09f591f38ff0b35e9d5dd004d100f691bb5b7c64e48a992b88352e06	identity-copy
spark1-ts	/home/jjlink/inference/sglang/Qwen3.6-35B-A3B-NVFP4-DFlash/scripts/down.sh	3819194a401cb7f3462a1a1e76b366752667caa26afbf03bfdea35bccff57be0	source-file	workspace-source	merge	serve/sglang/spark/redhatai_qwen36_35b_a3b_nvfp4_dflash/source/variants/spark1-ts/Qwen3.6-35B-A3B-NVFP4-DFlash/scripts/down.sh	3819194a401cb7f3462a1a1e76b366752667caa26afbf03bfdea35bccff57be0	identity-copy
spark1-ts	/home/jjlink/inference/sglang/Qwen3.6-35B-A3B-NVFP4-DFlash/scripts/logs.sh	4c098ef3a1f86f21e22e5d132728c02ed0d00b891c3df9ad55143970628a8164	source-file	workspace-source	merge	serve/sglang/spark/redhatai_qwen36_35b_a3b_nvfp4_dflash/source/variants/spark1-ts/Qwen3.6-35B-A3B-NVFP4-DFlash/scripts/logs.sh	4c098ef3a1f86f21e22e5d132728c02ed0d00b891c3df9ad55143970628a8164	identity-copy
spark1-ts	/home/jjlink/inference/sglang/Qwen3.6-35B-A3B-NVFP4-DFlash/scripts/test.sh	ea3994053004ea597d14a34315d878d0f01d7cbceaa755225d37fa74789b01a8	source-file	workspace-source	merge	serve/sglang/spark/redhatai_qwen36_35b_a3b_nvfp4_dflash/source/variants/spark1-ts/Qwen3.6-35B-A3B-NVFP4-DFlash/scripts/test.sh	ea3994053004ea597d14a34315d878d0f01d7cbceaa755225d37fa74789b01a8	identity-copy
spark1-ts	/home/jjlink/inference/sglang/Qwen3.6-35B-A3B-NVFP4-DFlash/scripts/tune-dflash.sh	995febc76045090d03fa351489942d7f0df1c8e5e7b7d61e5ba1878cb436c812	source-file	workspace-source	merge	serve/sglang/spark/redhatai_qwen36_35b_a3b_nvfp4_dflash/source/variants/spark1-ts/Qwen3.6-35B-A3B-NVFP4-DFlash/scripts/tune-dflash.sh	995febc76045090d03fa351489942d7f0df1c8e5e7b7d61e5ba1878cb436c812	identity-copy
spark1-ts	/home/jjlink/inference/sglang/Qwen3.6-35B-A3B-NVFP4-DFlash/scripts/up.sh	271dfb336b9e17c95a4cb4a2ad5f26958d886e521616d894a6409bb9e7af11c3	source-file	workspace-source	merge	serve/sglang/spark/redhatai_qwen36_35b_a3b_nvfp4_dflash/source/variants/spark1-ts/Qwen3.6-35B-A3B-NVFP4-DFlash/scripts/up.sh	271dfb336b9e17c95a4cb4a2ad5f26958d886e521616d894a6409bb9e7af11c3	identity-copy
spark1-ts	/home/jjlink/inference/sglang/Qwen3.6-35B-A3B-NVFP4-DFlash/tune-run.log	1e2146d116955345111e18b29136e3ef04ab1f29431feeeffb5dcb4ad5b163f1	generated-file	generated	generated-ignore	-	-	generated-file
spark1-ts	/home/jjlink/inference/sglang/Qwen3.6-35B-A3B-NVFP4/docker-compose.yml	6538ed5c836caa09d198419a611b6e98e09b72b626b046ae65c401d79528096d	source-file	workspace-source	merge	serve/sglang/spark/redhatai_qwen36_35b_a3b_nvfp4/source/variants/spark1-ts/Qwen3.6-35B-A3B-NVFP4/docker-compose.yml	6538ed5c836caa09d198419a611b6e98e09b72b626b046ae65c401d79528096d	identity-copy
spark1-ts	/home/jjlink/inference/sglang/all-dflash-tune-resume.log	560eb99ebf332cafdcec664cf12f480a8ebb3dc988f36fb973662c6d92dca6ff	generated-file	generated	generated-ignore	-	-	generated-file
spark1-ts	/home/jjlink/inference/sglang/all-dflash-tune.log	9a693f18977f2376219eba2a32de3ebf3396c7f0930e7c1317bcc1ffbeb827bf	generated-file	generated	generated-ignore	-	-	generated-file
spark1-ts	/home/jjlink/inference/sglang/benchmarks/results	-	excluded-root	generated-ignore	generated-ignore	-	-	excluded-root
spark1-ts	/home/jjlink/inference/sglang/diffusiongemma-26B-A4B-it-NVFP4/.env	bede8750da1daf7ef82d99a15d8fefe0e034ad3e184537e64c336057d1d6e937	source-file	workspace-source	archive-only	-	-	secret-or-obsolete-local-variant
spark1-ts	/home/jjlink/inference/sglang/diffusiongemma-26B-A4B-it-NVFP4/docker-compose.yml	d3e5e90ba069a347df6b592f9845cbc8ebd155932c4adf5e6052156696ee1cf1	source-file	workspace-source	merge	serve/sglang/spark/redhatai_diffusiongemma_26b_a4b_it_nvfp4/source/variants/spark1-ts/diffusiongemma-26B-A4B-it-NVFP4/docker-compose.yml	d3e5e90ba069a347df6b592f9845cbc8ebd155932c4adf5e6052156696ee1cf1	identity-copy
spark1-ts	/home/jjlink/inference/sglang/diffusiongemma-26B-A4B-it-NVFP4/launch-diffusiongemma.sh	dca24ab1561e5723921f0931c844a6f38d17b16769788e15fe9f8eeefe554e92	source-file	workspace-source	merge	serve/sglang/spark/redhatai_diffusiongemma_26b_a4b_it_nvfp4/source/variants/spark1-ts/diffusiongemma-26B-A4B-it-NVFP4/launch-diffusiongemma.sh	dca24ab1561e5723921f0931c844a6f38d17b16769788e15fe9f8eeefe554e92	identity-copy
spark1-ts	/home/jjlink/inference/sglang/diffusiongemma-26B-A4B-it-NVFP4/launch_diffusiongemma.sh	2ca49b61a9a729c41532f1698ddd2a77924f9b0feeaed45f8766ce85cffd0376	source-file	workspace-source	merge	serve/sglang/spark/redhatai_diffusiongemma_26b_a4b_it_nvfp4/source/variants/spark1-ts/diffusiongemma-26B-A4B-it-NVFP4/launch_diffusiongemma.sh	2ca49b61a9a729c41532f1698ddd2a77924f9b0feeaed45f8766ce85cffd0376	identity-copy
spark1-ts	/home/jjlink/inference/sglang/diffusiongemma-26B-A4B-it-NVFP4/stream_chat.py	8af448603abde1a9f914a99c9a70b6a22bde084a825df5e847df9ba924511bb9	source-file	workspace-source	merge	serve/sglang/spark/redhatai_diffusiongemma_26b_a4b_it_nvfp4/source/variants/spark1-ts/diffusiongemma-26B-A4B-it-NVFP4/stream_chat.py	8af448603abde1a9f914a99c9a70b6a22bde084a825df5e847df9ba924511bb9	identity-copy
spark1-ts	/home/jjlink/inference/sglang/nex-n2-mini-nvfp4/docker-compose.yml	19c704f75855c0876a9f063b30285066450d3a1f915924ff42276983ba29ded0	source-file	workspace-source	merge	serve/sglang/spark/r0b0tlab_nex_n2_mini_nvfp4/source/variants/spark1-ts/nex-n2-mini-nvfp4/docker-compose.yml	19c704f75855c0876a9f063b30285066450d3a1f915924ff42276983ba29ded0	identity-copy
spark1-ts	/home/jjlink/inference/sglang/nex-n2-mini-nvfp4/scripts/down.sh	3819194a401cb7f3462a1a1e76b366752667caa26afbf03bfdea35bccff57be0	source-file	workspace-source	merge	serve/sglang/spark/r0b0tlab_nex_n2_mini_nvfp4/source/variants/spark1-ts/nex-n2-mini-nvfp4/scripts/down.sh	3819194a401cb7f3462a1a1e76b366752667caa26afbf03bfdea35bccff57be0	identity-copy
spark1-ts	/home/jjlink/inference/sglang/nex-n2-mini-nvfp4/scripts/logs.sh	4c098ef3a1f86f21e22e5d132728c02ed0d00b891c3df9ad55143970628a8164	source-file	workspace-source	merge	serve/sglang/spark/r0b0tlab_nex_n2_mini_nvfp4/source/variants/spark1-ts/nex-n2-mini-nvfp4/scripts/logs.sh	4c098ef3a1f86f21e22e5d132728c02ed0d00b891c3df9ad55143970628a8164	identity-copy
spark1-ts	/home/jjlink/inference/sglang/nex-n2-mini-nvfp4/scripts/test.sh	099209e99cf00e5ee0e95c658a5ed6d0278e8296b07bdafd872263a3fe633b8a	source-file	workspace-source	merge	serve/sglang/spark/r0b0tlab_nex_n2_mini_nvfp4/source/variants/spark1-ts/nex-n2-mini-nvfp4/scripts/test.sh	099209e99cf00e5ee0e95c658a5ed6d0278e8296b07bdafd872263a3fe633b8a	identity-copy
spark1-ts	/home/jjlink/inference/sglang/nex-n2-mini-nvfp4/scripts/up.sh	156ae208d9bb941fb32513f155d59a92a98b6851db97e225e742429b2d6c5e6f	source-file	workspace-source	merge	serve/sglang/spark/r0b0tlab_nex_n2_mini_nvfp4/source/variants/spark1-ts/nex-n2-mini-nvfp4/scripts/up.sh	156ae208d9bb941fb32513f155d59a92a98b6851db97e225e742429b2d6c5e6f	identity-copy
spark1-ts	/home/jjlink/inference/sglang/nvfp4-sweep.log	314cce05f32fe32286b91cbdd4aef027eba1443aee6f8297d5bed7c8e1dacf78	generated-file	generated	generated-ignore	-	-	generated-file
spark1-ts	/home/jjlink/inference/sglang/scripts/nvfp4-sweep.sh	1a68059e7ee2f4ddf14792628e7a22ef943473406b201add587210878a7bea6d	source-file	workspace-source	import	benchmarks/spark-source/sglang/spark1-ts/scripts/nvfp4-sweep.sh	1a68059e7ee2f4ddf14792628e7a22ef943473406b201add587210878a7bea6d	identity-copy
spark1-ts	/home/jjlink/inference/sglang/scripts/resume-dflash-tune.sh	9801f3a8db65f963b97d830dfd331552126879dadb1f13e3e1747f9085876b98	source-file	workspace-source	import	benchmarks/spark-source/sglang/spark1-ts/scripts/resume-dflash-tune.sh	9801f3a8db65f963b97d830dfd331552126879dadb1f13e3e1747f9085876b98	identity-copy
spark1-ts	/home/jjlink/inference/sglang/scripts/run-all-dflash-tune.sh	7892c5e1fd0d6a6cb46820431efc0e5a11210f14a4ed0cb8cce54cebdb9df65a	source-file	workspace-source	import	benchmarks/spark-source/sglang/spark1-ts/scripts/run-all-dflash-tune.sh	7892c5e1fd0d6a6cb46820431efc0e5a11210f14a4ed0cb8cce54cebdb9df65a	identity-copy
spark1-ts	/home/jjlink/inference/sglang/scripts/tune-dflash-extended.sh	f7c32170e22c076e432f7d3dc7444e0a7a6f4d0378ddc790b8b2e6eb8cad1e0c	source-file	workspace-source	import	benchmarks/spark-source/sglang/spark1-ts/scripts/tune-dflash-extended.sh	f7c32170e22c076e432f7d3dc7444e0a7a6f4d0378ddc790b8b2e6eb8cad1e0c	identity-copy
spark1-ts	/home/jjlink/inference/vllm/Qwen3.6-27B-BF16-DFlash/docker-compose.yml	a42ede446ce752852e25f86f052b010dae174b6d99489e89e2a83399390b2d13	source-file	workspace-source	merge	serve/vllm/spark/qwen36_27b_bf16_dflash/source/variants/spark1-ts/Qwen3.6-27B-BF16-DFlash/docker-compose.yml	a42ede446ce752852e25f86f052b010dae174b6d99489e89e2a83399390b2d13	identity-copy
spark1-ts	/home/jjlink/inference/vllm/Qwen3.6-27B-BF16/docker-compose.yml	a3d76bd6030e6a85e0b1c040a407e38748666759218804b17dec2ef230e13e4b	source-file	workspace-source	merge	serve/vllm/spark/qwen36_27b_bf16/source/variants/spark1-ts/Qwen3.6-27B-BF16/docker-compose.yml	a3d76bd6030e6a85e0b1c040a407e38748666759218804b17dec2ef230e13e4b	identity-copy
spark1-ts	/home/jjlink/inference/vllm/Qwen3.6-27B-FP8-DFlash/docker-compose.yml	6964dcc8266e42a40f7519f05c9e161e741fb8acb04a48c4a2cef00c4e6fe914	source-file	workspace-source	merge	serve/vllm/spark/qwen36_27b_fp8_dflash/source/variants/spark1-ts/Qwen3.6-27B-FP8-DFlash/docker-compose.yml	6964dcc8266e42a40f7519f05c9e161e741fb8acb04a48c4a2cef00c4e6fe914	identity-copy
spark1-ts	/home/jjlink/inference/vllm/Qwen3.6-27B-FP8/docker-compose.yml	c1b172fd8f9d032f8e3d905edb18ba3cfe895ef05bff8385646021ff9bc820b0	source-file	workspace-source	merge	serve/vllm/spark/qwen36_27b_fp8/source/variants/spark1-ts/Qwen3.6-27B-FP8/docker-compose.yml	c1b172fd8f9d032f8e3d905edb18ba3cfe895ef05bff8385646021ff9bc820b0	identity-copy
spark1-ts	/home/jjlink/inference/vllm/Qwen3.6-27B-NVFP4-DFlash/docker-compose.yml	a1ccaf4be096b2f65b2632dca09afdc431654daba6ac7c482d96fe9a648f66ea	source-file	workspace-source	merge	serve/vllm/spark/unsloth_qwen36_27b_nvfp4_dflash/source/variants/spark1-ts/Qwen3.6-27B-NVFP4-DFlash/docker-compose.yml	a1ccaf4be096b2f65b2632dca09afdc431654daba6ac7c482d96fe9a648f66ea	identity-copy
spark1-ts	/home/jjlink/inference/vllm/Qwen3.6-27B-NVFP4/docker-compose.yml	7e12b0136bc5b713304689b6cba9cbd4b440873f9c524111cffc4e114ed552be	source-file	workspace-source	merge	serve/vllm/spark/unsloth_qwen36_27b_nvfp4/source/variants/spark1-ts/Qwen3.6-27B-NVFP4/docker-compose.yml	7e12b0136bc5b713304689b6cba9cbd4b440873f9c524111cffc4e114ed552be	identity-copy
spark1-ts	/home/jjlink/inference/vllm/Qwen3.6-35B-A3B-BF16-DFlash/docker-compose.yml	564eb5de82e1ed0dc64d662afeda38f38fd71f9a321962aee695f4b666a7913b	source-file	workspace-source	merge	serve/vllm/spark/qwen36_35b_a3b_bf16_dflash/source/variants/spark1-ts/Qwen3.6-35B-A3B-BF16-DFlash/docker-compose.yml	564eb5de82e1ed0dc64d662afeda38f38fd71f9a321962aee695f4b666a7913b	identity-copy
spark1-ts	/home/jjlink/inference/vllm/Qwen3.6-35B-A3B-BF16/docker-compose.yml	2df8aee3b3d8492fc84346e287a12b81b90b8287fa6659195a0a4d2bb2db55c0	source-file	workspace-source	merge	serve/vllm/spark/qwen36_35b_a3b_bf16/source/variants/spark1-ts/Qwen3.6-35B-A3B-BF16/docker-compose.yml	2df8aee3b3d8492fc84346e287a12b81b90b8287fa6659195a0a4d2bb2db55c0	identity-copy
spark1-ts	/home/jjlink/inference/vllm/Qwen3.6-35B-A3B-FP8-DFlash/docker-compose.yml	9e9d6a1695cf98793fc8df68c06782e1f0b1d7a42091df0132f7b4929e8bd871	source-file	workspace-source	merge	serve/vllm/spark/qwen36_35b_a3b_fp8_dflash/source/variants/spark1-ts/Qwen3.6-35B-A3B-FP8-DFlash/docker-compose.yml	9e9d6a1695cf98793fc8df68c06782e1f0b1d7a42091df0132f7b4929e8bd871	identity-copy
spark1-ts	/home/jjlink/inference/vllm/Qwen3.6-35B-A3B-FP8/docker-compose.yml	73fe6a53d6812847461328c7503d43def50d53a298410765653282f7e78ce382	source-file	workspace-source	merge	serve/vllm/spark/qwen36_35b_a3b_fp8/source/variants/spark1-ts/Qwen3.6-35B-A3B-FP8/docker-compose.yml	73fe6a53d6812847461328c7503d43def50d53a298410765653282f7e78ce382	identity-copy
spark1-ts	/home/jjlink/inference/vllm/Qwen3.6-35B-A3B-NVFP4-DFlash/docker-compose.yml	701a39ac4a4b939c1e16fd8ba9510af61b974346d299f56f9718343c1926b12a	source-file	workspace-source	merge	serve/vllm/spark/redhatai_qwen36_35b_a3b_nvfp4_dflash/source/variants/spark1-ts/Qwen3.6-35B-A3B-NVFP4-DFlash/docker-compose.yml	701a39ac4a4b939c1e16fd8ba9510af61b974346d299f56f9718343c1926b12a	identity-copy
spark1-ts	/home/jjlink/inference/vllm/Qwen3.6-35B-A3B-NVFP4/docker-compose.yml	d2cd21b0d137c27dc1b7aca007aaf76a7acc376ab32e1804c423938fc4fddfe9	source-file	workspace-source	merge	serve/vllm/spark/redhatai_qwen36_35b_a3b_nvfp4/source/variants/spark1-ts/Qwen3.6-35B-A3B-NVFP4/docker-compose.yml	d2cd21b0d137c27dc1b7aca007aaf76a7acc376ab32e1804c423938fc4fddfe9	identity-copy
spark1-ts	/home/jjlink/inference/vllm/ThinkingCap-Qwen3.6-27B-NVFP4-DFlash/.env.example	ddc74832cf6021383278588a2e6adc3fec0d6b4e5cfc789e317d7fb6dee3856b	source-file	workspace-source	merge	serve/vllm/spark/morosystems_thinkingcap_qwen36_27b_nvfp4_dflash/source/variants/spark1-ts/ThinkingCap-Qwen3.6-27B-NVFP4-DFlash/.env.example	ddc74832cf6021383278588a2e6adc3fec0d6b4e5cfc789e317d7fb6dee3856b	identity-copy
spark1-ts	/home/jjlink/inference/vllm/ThinkingCap-Qwen3.6-27B-NVFP4-DFlash/docker-compose.yml	b19fac339015d63d318af25fd484f41ac09d33c201b361b2305cb536617193bd	source-file	workspace-source	merge	serve/vllm/spark/morosystems_thinkingcap_qwen36_27b_nvfp4_dflash/source/variants/spark1-ts/ThinkingCap-Qwen3.6-27B-NVFP4-DFlash/docker-compose.yml	b19fac339015d63d318af25fd484f41ac09d33c201b361b2305cb536617193bd	identity-copy
spark1-ts	/home/jjlink/inference/vllm/ThinkingCap-Qwen3.6-27B-NVFP4-DFlash/scripts/down.sh	3819194a401cb7f3462a1a1e76b366752667caa26afbf03bfdea35bccff57be0	source-file	workspace-source	merge	serve/vllm/spark/morosystems_thinkingcap_qwen36_27b_nvfp4_dflash/source/variants/spark1-ts/ThinkingCap-Qwen3.6-27B-NVFP4-DFlash/scripts/down.sh	3819194a401cb7f3462a1a1e76b366752667caa26afbf03bfdea35bccff57be0	identity-copy
spark1-ts	/home/jjlink/inference/vllm/ThinkingCap-Qwen3.6-27B-NVFP4-DFlash/scripts/logs.sh	4c098ef3a1f86f21e22e5d132728c02ed0d00b891c3df9ad55143970628a8164	source-file	workspace-source	merge	serve/vllm/spark/morosystems_thinkingcap_qwen36_27b_nvfp4_dflash/source/variants/spark1-ts/ThinkingCap-Qwen3.6-27B-NVFP4-DFlash/scripts/logs.sh	4c098ef3a1f86f21e22e5d132728c02ed0d00b891c3df9ad55143970628a8164	identity-copy
spark1-ts	/home/jjlink/inference/vllm/ThinkingCap-Qwen3.6-27B-NVFP4-DFlash/scripts/prepare-model.py	41afbed02528cb43749b024453209fcba596487aeeb907df74597f34bcc554fd	source-file	workspace-source	merge	serve/vllm/spark/morosystems_thinkingcap_qwen36_27b_nvfp4_dflash/source/variants/spark1-ts/ThinkingCap-Qwen3.6-27B-NVFP4-DFlash/scripts/prepare-model.py	41afbed02528cb43749b024453209fcba596487aeeb907df74597f34bcc554fd	identity-copy
spark1-ts	/home/jjlink/inference/vllm/ThinkingCap-Qwen3.6-27B-NVFP4-DFlash/scripts/serve.sh	9235df64a1a9d9351272b94490c4f502017849ac3674bb225fbf264578527177	source-file	workspace-source	merge	serve/vllm/spark/morosystems_thinkingcap_qwen36_27b_nvfp4_dflash/source/variants/spark1-ts/ThinkingCap-Qwen3.6-27B-NVFP4-DFlash/scripts/serve.sh	9235df64a1a9d9351272b94490c4f502017849ac3674bb225fbf264578527177	identity-copy
spark1-ts	/home/jjlink/inference/vllm/ThinkingCap-Qwen3.6-27B-NVFP4-DFlash/scripts/test.sh	bbb283a892f0a7c121d4d83b0b1d79adce1a0cd43bdccf919ebbb2eaf4452da0	source-file	workspace-source	merge	serve/vllm/spark/morosystems_thinkingcap_qwen36_27b_nvfp4_dflash/source/variants/spark1-ts/ThinkingCap-Qwen3.6-27B-NVFP4-DFlash/scripts/test.sh	bbb283a892f0a7c121d4d83b0b1d79adce1a0cd43bdccf919ebbb2eaf4452da0	identity-copy
spark1-ts	/home/jjlink/inference/vllm/ThinkingCap-Qwen3.6-27B-NVFP4-DFlash/scripts/up.sh	156ae208d9bb941fb32513f155d59a92a98b6851db97e225e742429b2d6c5e6f	source-file	workspace-source	merge	serve/vllm/spark/morosystems_thinkingcap_qwen36_27b_nvfp4_dflash/source/variants/spark1-ts/ThinkingCap-Qwen3.6-27B-NVFP4-DFlash/scripts/up.sh	156ae208d9bb941fb32513f155d59a92a98b6851db97e225e742429b2d6c5e6f	identity-copy
spark1-ts	/home/jjlink/inference/vllm/diffusiongemma-26B-A4B-it-NVFP4/.env	c35f2d74adc377bd4fe480edca4427188cb6d4df27e40ac0d3b787e497efd338	source-file	workspace-source	archive-only	-	-	secret-or-obsolete-local-variant
spark1-ts	/home/jjlink/inference/vllm/diffusiongemma-26B-A4B-it-NVFP4/docker-compose.yml	cb07ad59be951b2fc289b53928a836a0a23271d9d7683a7fc740bc218e6cd64d	source-file	workspace-source	merge	serve/vllm/spark/nvidia_diffusiongemma_26b_a4b_it_nvfp4/source/variants/spark1-ts/diffusiongemma-26B-A4B-it-NVFP4/docker-compose.yml	cb07ad59be951b2fc289b53928a836a0a23271d9d7683a7fc740bc218e6cd64d	identity-copy
spark1-ts	/home/jjlink/inference/vllm/diffusiongemma-26B-A4B-it-NVFP4/launch-diffusiongemma.sh	dca24ab1561e5723921f0931c844a6f38d17b16769788e15fe9f8eeefe554e92	source-file	workspace-source	merge	serve/vllm/spark/nvidia_diffusiongemma_26b_a4b_it_nvfp4/source/variants/spark1-ts/diffusiongemma-26B-A4B-it-NVFP4/launch-diffusiongemma.sh	dca24ab1561e5723921f0931c844a6f38d17b16769788e15fe9f8eeefe554e92	identity-copy
spark2-ts	/home/jjlink/inference/build	-	excluded-root	generated-ignore	generated-ignore	-	-	excluded-root
spark2-ts	/home/jjlink/inference/mimo-v25-build/Dockerfile.mimo-aarch64	29f237db6926d6b907ef91269c04aa14a2a8ecfd55cee41301be906f496fc26b	source-file	workspace-source	merge	serve/cluster/experiments/mimo-v25/source/spark2-ts/mimo-v25-build/Dockerfile.mimo-aarch64	29f237db6926d6b907ef91269c04aa14a2a8ecfd55cee41301be906f496fc26b	identity-copy
spark2-ts	/home/jjlink/inference/mimo-v25-build/configs/E=128,N=704,device_name=NVIDIA_RTX_PRO_6000_Blackwell_Server_Edition,dtype=fp8_w8a8.json	4b4f942ea647fdaf0069b7711294e3374dffc2b820c675fd986a02f793c62ceb	source-file	workspace-source	merge	serve/cluster/experiments/mimo-v25/source/spark2-ts/mimo-v25-build/configs/E=128,N=704,device_name=NVIDIA_RTX_PRO_6000_Blackwell_Server_Edition,dtype=fp8_w8a8.json	4b4f942ea647fdaf0069b7711294e3374dffc2b820c675fd986a02f793c62ceb	identity-copy
spark2-ts	/home/jjlink/inference/mimo-v25-build/configs/E=256,N=256,device_name=NVIDIA_RTX_PRO_6000_Blackwell_Server_Edition,dtype=fp8_w8a8.json	4b4f942ea647fdaf0069b7711294e3374dffc2b820c675fd986a02f793c62ceb	source-file	workspace-source	merge	serve/cluster/experiments/mimo-v25/source/spark2-ts/mimo-v25-build/configs/E=256,N=256,device_name=NVIDIA_RTX_PRO_6000_Blackwell_Server_Edition,dtype=fp8_w8a8.json	4b4f942ea647fdaf0069b7711294e3374dffc2b820c675fd986a02f793c62ceb	identity-copy
spark2-ts	/home/jjlink/inference/mimo-v25-build/configs/E=257,N=256,device_name=NVIDIA_RTX_PRO_6000_Blackwell_Server_Edition,dtype=fp8_w8a8.json	4b4f942ea647fdaf0069b7711294e3374dffc2b820c675fd986a02f793c62ceb	source-file	workspace-source	merge	serve/cluster/experiments/mimo-v25/source/spark2-ts/mimo-v25-build/configs/E=257,N=256,device_name=NVIDIA_RTX_PRO_6000_Blackwell_Server_Edition,dtype=fp8_w8a8.json	4b4f942ea647fdaf0069b7711294e3374dffc2b820c675fd986a02f793c62ceb	identity-copy
spark2-ts	/home/jjlink/inference/mimo-v25-build/configs/E=512,N=256,device_name=NVIDIA_RTX_PRO_6000_Blackwell_Server_Edition,dtype=fp8_w8a8.json	4b4f942ea647fdaf0069b7711294e3374dffc2b820c675fd986a02f793c62ceb	source-file	workspace-source	merge	serve/cluster/experiments/mimo-v25/source/spark2-ts/mimo-v25-build/configs/E=512,N=256,device_name=NVIDIA_RTX_PRO_6000_Blackwell_Server_Edition,dtype=fp8_w8a8.json	4b4f942ea647fdaf0069b7711294e3374dffc2b820c675fd986a02f793c62ceb	identity-copy
spark2-ts	/home/jjlink/inference/mimo-v25-build/configs/moe_triton/E=128,N=704,device_name=NVIDIA_RTX_PRO_6000_Blackwell_Server_Edition,dtype=fp8_w8a8.json	4b4f942ea647fdaf0069b7711294e3374dffc2b820c675fd986a02f793c62ceb	source-file	workspace-source	merge	serve/cluster/experiments/mimo-v25/source/spark2-ts/mimo-v25-build/configs/moe_triton/E=128,N=704,device_name=NVIDIA_RTX_PRO_6000_Blackwell_Server_Edition,dtype=fp8_w8a8.json	4b4f942ea647fdaf0069b7711294e3374dffc2b820c675fd986a02f793c62ceb	identity-copy
spark2-ts	/home/jjlink/inference/mimo-v25-build/configs/moe_triton/E=128,N=704,device_name=NVIDIA_RTX_PRO_6000_Blackwell_Server_Edition,dtype=fp8_w8a8_down.json	4b4f942ea647fdaf0069b7711294e3374dffc2b820c675fd986a02f793c62ceb	source-file	workspace-source	merge	serve/cluster/experiments/mimo-v25/source/spark2-ts/mimo-v25-build/configs/moe_triton/E=128,N=704,device_name=NVIDIA_RTX_PRO_6000_Blackwell_Server_Edition,dtype=fp8_w8a8_down.json	4b4f942ea647fdaf0069b7711294e3374dffc2b820c675fd986a02f793c62ceb	identity-copy
spark2-ts	/home/jjlink/inference/mimo-v25-build/configs/moe_triton/E=128,N=704,device_name=NVIDIA_RTX_PRO_6000_Blackwell_Server_Edition.json	4b4f942ea647fdaf0069b7711294e3374dffc2b820c675fd986a02f793c62ceb	source-file	workspace-source	merge	serve/cluster/experiments/mimo-v25/source/spark2-ts/mimo-v25-build/configs/moe_triton/E=128,N=704,device_name=NVIDIA_RTX_PRO_6000_Blackwell_Server_Edition.json	4b4f942ea647fdaf0069b7711294e3374dffc2b820c675fd986a02f793c62ceb	identity-copy
spark2-ts	/home/jjlink/inference/mimo-v25-build/configs/moe_triton/E=128,N=704,device_name=NVIDIA_RTX_PRO_6000_Blackwell_Server_Edition_down.json	4b4f942ea647fdaf0069b7711294e3374dffc2b820c675fd986a02f793c62ceb	source-file	workspace-source	merge	serve/cluster/experiments/mimo-v25/source/spark2-ts/mimo-v25-build/configs/moe_triton/E=128,N=704,device_name=NVIDIA_RTX_PRO_6000_Blackwell_Server_Edition_down.json	4b4f942ea647fdaf0069b7711294e3374dffc2b820c675fd986a02f793c62ceb	identity-copy
spark2-ts	/home/jjlink/inference/mimo-v25-build/configs/moe_triton/E=257,N=256,device_name=NVIDIA_RTX_PRO_6000_Blackwell_Server_Edition,dtype=fp8_w8a8.json	4b4f942ea647fdaf0069b7711294e3374dffc2b820c675fd986a02f793c62ceb	source-file	workspace-source	merge	serve/cluster/experiments/mimo-v25/source/spark2-ts/mimo-v25-build/configs/moe_triton/E=257,N=256,device_name=NVIDIA_RTX_PRO_6000_Blackwell_Server_Edition,dtype=fp8_w8a8.json	4b4f942ea647fdaf0069b7711294e3374dffc2b820c675fd986a02f793c62ceb	identity-copy
spark2-ts	/home/jjlink/inference/mimo-v25-build/configs/moe_triton/E=257,N=256,device_name=NVIDIA_RTX_PRO_6000_Blackwell_Server_Edition,dtype=fp8_w8a8_down.json	4b4f942ea647fdaf0069b7711294e3374dffc2b820c675fd986a02f793c62ceb	source-file	workspace-source	merge	serve/cluster/experiments/mimo-v25/source/spark2-ts/mimo-v25-build/configs/moe_triton/E=257,N=256,device_name=NVIDIA_RTX_PRO_6000_Blackwell_Server_Edition,dtype=fp8_w8a8_down.json	4b4f942ea647fdaf0069b7711294e3374dffc2b820c675fd986a02f793c62ceb	identity-copy
spark2-ts	/home/jjlink/inference/mimo-v25-build/configs/moe_triton/E=257,N=256,device_name=NVIDIA_RTX_PRO_6000_Blackwell_Server_Edition.json	4b4f942ea647fdaf0069b7711294e3374dffc2b820c675fd986a02f793c62ceb	source-file	workspace-source	merge	serve/cluster/experiments/mimo-v25/source/spark2-ts/mimo-v25-build/configs/moe_triton/E=257,N=256,device_name=NVIDIA_RTX_PRO_6000_Blackwell_Server_Edition.json	4b4f942ea647fdaf0069b7711294e3374dffc2b820c675fd986a02f793c62ceb	identity-copy
spark2-ts	/home/jjlink/inference/mimo-v25-build/configs/moe_triton/E=257,N=256,device_name=NVIDIA_RTX_PRO_6000_Blackwell_Server_Edition_down.json	4b4f942ea647fdaf0069b7711294e3374dffc2b820c675fd986a02f793c62ceb	source-file	workspace-source	merge	serve/cluster/experiments/mimo-v25/source/spark2-ts/mimo-v25-build/configs/moe_triton/E=257,N=256,device_name=NVIDIA_RTX_PRO_6000_Blackwell_Server_Edition_down.json	4b4f942ea647fdaf0069b7711294e3374dffc2b820c675fd986a02f793c62ceb	identity-copy
spark2-ts	/home/jjlink/inference/mimo-v25-build/configs/moe_triton/E=512,N=256,device_name=NVIDIA_RTX_PRO_6000_Blackwell_Server_Edition,dtype=fp8_w8a8.json	4b4f942ea647fdaf0069b7711294e3374dffc2b820c675fd986a02f793c62ceb	source-file	workspace-source	merge	serve/cluster/experiments/mimo-v25/source/spark2-ts/mimo-v25-build/configs/moe_triton/E=512,N=256,device_name=NVIDIA_RTX_PRO_6000_Blackwell_Server_Edition,dtype=fp8_w8a8.json	4b4f942ea647fdaf0069b7711294e3374dffc2b820c675fd986a02f793c62ceb	identity-copy
spark2-ts	/home/jjlink/inference/mimo-v25-build/configs/moe_triton/E=512,N=256,device_name=NVIDIA_RTX_PRO_6000_Blackwell_Server_Edition,dtype=fp8_w8a8_down.json	4b4f942ea647fdaf0069b7711294e3374dffc2b820c675fd986a02f793c62ceb	source-file	workspace-source	merge	serve/cluster/experiments/mimo-v25/source/spark2-ts/mimo-v25-build/configs/moe_triton/E=512,N=256,device_name=NVIDIA_RTX_PRO_6000_Blackwell_Server_Edition,dtype=fp8_w8a8_down.json	4b4f942ea647fdaf0069b7711294e3374dffc2b820c675fd986a02f793c62ceb	identity-copy
spark2-ts	/home/jjlink/inference/mimo-v25-build/configs/moe_triton/E=512,N=256,device_name=NVIDIA_RTX_PRO_6000_Blackwell_Server_Edition.json	4b4f942ea647fdaf0069b7711294e3374dffc2b820c675fd986a02f793c62ceb	source-file	workspace-source	merge	serve/cluster/experiments/mimo-v25/source/spark2-ts/mimo-v25-build/configs/moe_triton/E=512,N=256,device_name=NVIDIA_RTX_PRO_6000_Blackwell_Server_Edition.json	4b4f942ea647fdaf0069b7711294e3374dffc2b820c675fd986a02f793c62ceb	identity-copy
spark2-ts	/home/jjlink/inference/mimo-v25-build/configs/moe_triton/E=512,N=256,device_name=NVIDIA_RTX_PRO_6000_Blackwell_Server_Edition_down.json	4b4f942ea647fdaf0069b7711294e3374dffc2b820c675fd986a02f793c62ceb	source-file	workspace-source	merge	serve/cluster/experiments/mimo-v25/source/spark2-ts/mimo-v25-build/configs/moe_triton/E=512,N=256,device_name=NVIDIA_RTX_PRO_6000_Blackwell_Server_Edition_down.json	4b4f942ea647fdaf0069b7711294e3374dffc2b820c675fd986a02f793c62ceb	identity-copy
spark2-ts	/home/jjlink/inference/mimo-v25-build/configs/nccl_graph_opt.xml	5fcd9465c8f57449a209512ee448126e7082be2314edb1f799298f82cda0314c	source-file	workspace-source	merge	serve/cluster/experiments/mimo-v25/source/spark2-ts/mimo-v25-build/configs/nccl_graph_opt.xml	5fcd9465c8f57449a209512ee448126e7082be2314edb1f799298f82cda0314c	identity-copy
spark2-ts	/home/jjlink/inference/mimo-v25-build/entrypoint-sglang.sh	a7777534c396f36bf97b7cede8b3f1aac0a06dc54affbacc984d686d0b37e71b	source-file	workspace-source	merge	serve/cluster/experiments/mimo-v25/source/spark2-ts/mimo-v25-build/entrypoint-sglang.sh	a7777534c396f36bf97b7cede8b3f1aac0a06dc54affbacc984d686d0b37e71b	identity-copy
spark2-ts	/home/jjlink/inference/mimo-v25-build/jit-cache-invalidate.sh	e7adca691e3c49ae6b59e58bbe3e947c88619bfa84711034e1ea800b28782540	source-file	workspace-source	merge	serve/cluster/experiments/mimo-v25/source/spark2-ts/mimo-v25-build/jit-cache-invalidate.sh	e7adca691e3c49ae6b59e58bbe3e947c88619bfa84711034e1ea800b28782540	identity-copy
spark2-ts	/home/jjlink/inference/mimo-v25-build/patches/apply-dcp-mla-kvsave.py	de8ec7edd530cb6760097f42da4ecb6ef8034c97806db46d33fb3ebc3a9a1d4f	source-file	workspace-source	merge	serve/cluster/experiments/mimo-v25/source/spark2-ts/mimo-v25-build/patches/apply-dcp-mla-kvsave.py	de8ec7edd530cb6760097f42da4ecb6ef8034c97806db46d33fb3ebc3a9a1d4f	identity-copy
spark2-ts	/home/jjlink/inference/mimo-v25-build/patches/apply-dcp-mla.py	dd360e18380553e0bbc4b6f3ce3f1cd46ec647247c067075c8513161b8c4de4d	source-file	workspace-source	merge	serve/cluster/experiments/mimo-v25/source/spark2-ts/mimo-v25-build/patches/apply-dcp-mla.py	dd360e18380553e0bbc4b6f3ce3f1cd46ec647247c067075c8513161b8c4de4d	identity-copy
spark2-ts	/home/jjlink/inference/mimo-v25-build/patches/apply-dcp-pr14982.py	d614eb73d0d78e9d7974b2a0a00ad648a63189c5a6ac7c7c9f52f55d426dd7ab	source-file	workspace-source	merge	serve/cluster/experiments/mimo-v25/source/spark2-ts/mimo-v25-build/patches/apply-dcp-pr14982.py	d614eb73d0d78e9d7974b2a0a00ad648a63189c5a6ac7c7c9f52f55d426dd7ab	identity-copy
spark2-ts	/home/jjlink/inference/mimo-v25-build/patches/apply-indexcache.py	49abb4de94fdb1f9a7c3b707813f23b4ede7efe22340d70eee713cfa775af371	source-file	workspace-source	merge	serve/cluster/experiments/mimo-v25/source/spark2-ts/mimo-v25-build/patches/apply-indexcache.py	49abb4de94fdb1f9a7c3b707813f23b4ede7efe22340d70eee713cfa775af371	identity-copy
spark2-ts	/home/jjlink/inference/mimo-v25-build/patches/fix-awq-fused-moe-skip.py	1efd66708dc368c8c4f91f4046759c3e56ff0cba7af5a1b374920df871ec6787	source-file	workspace-source	merge	serve/cluster/experiments/mimo-v25/source/spark2-ts/mimo-v25-build/patches/fix-awq-fused-moe-skip.py	1efd66708dc368c8c4f91f4046759c3e56ff0cba7af5a1b374920df871ec6787	identity-copy
spark2-ts	/home/jjlink/inference/mimo-v25-build/patches/fix-blackwell-flashinfer-backend-assert.py	ac86bcbd81c07f523e303ac46192a2cb6cc6a629437931390c3127d35fc3a853	source-file	workspace-source	merge	serve/cluster/experiments/mimo-v25/source/spark2-ts/mimo-v25-build/patches/fix-blackwell-flashinfer-backend-assert.py	ac86bcbd81c07f523e303ac46192a2cb6cc6a629437931390c3127d35fc3a853	identity-copy
spark2-ts	/home/jjlink/inference/mimo-v25-build/patches/fix-cuda-arch-suffix.py	5e981e9f8306e48ecb4c8e118f53b18ecf9ae4b23b2a23d96403ae35d39f028a	source-file	workspace-source	merge	serve/cluster/experiments/mimo-v25/source/spark2-ts/mimo-v25-build/patches/fix-cuda-arch-suffix.py	5e981e9f8306e48ecb4c8e118f53b18ecf9ae4b23b2a23d96403ae35d39f028a	identity-copy
spark2-ts	/home/jjlink/inference/mimo-v25-build/patches/fix-fp4-kvcache-conflict.py	b4a89e6e9266e79def12818abd2a2e2fb667d99ce247f636d493185dd2023af2	source-file	workspace-source	merge	serve/cluster/experiments/mimo-v25/source/spark2-ts/mimo-v25-build/patches/fix-fp4-kvcache-conflict.py	b4a89e6e9266e79def12818abd2a2e2fb667d99ce247f636d493185dd2023af2	identity-copy
spark2-ts	/home/jjlink/inference/mimo-v25-build/patches/fix-glm-moe-strip-whitespace.py	d904bdd4994f90ab1bfb32bd1a4a1848202b52d7acd401b13c621ab335391c24	source-file	workspace-source	merge	serve/cluster/experiments/mimo-v25/source/spark2-ts/mimo-v25-build/patches/fix-glm-moe-strip-whitespace.py	d904bdd4994f90ab1bfb32bd1a4a1848202b52d7acd401b13c621ab335391c24	identity-copy
spark2-ts	/home/jjlink/inference/mimo-v25-build/patches/fix-mamba-leak-conflict.py	d5cf637b21b49a32497a4b0f7a34713b9895f31ec80a434d551a349aeca72292	source-file	workspace-source	merge	serve/cluster/experiments/mimo-v25/source/spark2-ts/mimo-v25-build/patches/fix-mamba-leak-conflict.py	d5cf637b21b49a32497a4b0f7a34713b9895f31ec80a434d551a349aeca72292	identity-copy
spark2-ts	/home/jjlink/inference/mimo-v25-build/patches/fix-modelopt-merge.py	c575e6fe55ef56bbe646b6ac9a474e398ac5ad6de17fb60ab62d21e233f3b9fc	source-file	workspace-source	merge	serve/cluster/experiments/mimo-v25/source/spark2-ts/mimo-v25-build/patches/fix-modelopt-merge.py	c575e6fe55ef56bbe646b6ac9a474e398ac5ad6de17fb60ab62d21e233f3b9fc	identity-copy
spark2-ts	/home/jjlink/inference/mimo-v25-build/patches/fix-nvfp4-dual-gencode.py	32619c8ca1e4d40eca7ae535e3e9e5b383ede370ad1415f1878d38aeb08d804a	source-file	workspace-source	merge	serve/cluster/experiments/mimo-v25/source/spark2-ts/mimo-v25-build/patches/fix-nvfp4-dual-gencode.py	32619c8ca1e4d40eca7ae535e3e9e5b383ede370ad1415f1878d38aeb08d804a	identity-copy
spark2-ts	/home/jjlink/inference/mimo-v25-build/patches/fix-pcie-allreduce-conflict.py	114c501c0ee3c521269a2a447044478424803ddb69d044fdb14125976fa168f0	source-file	workspace-source	merge	serve/cluster/experiments/mimo-v25/source/spark2-ts/mimo-v25-build/patches/fix-pcie-allreduce-conflict.py	114c501c0ee3c521269a2a447044478424803ddb69d044fdb14125976fa168f0	identity-copy
spark2-ts	/home/jjlink/inference/mimo-v25-build/patches/fix-pcie-allreduce-rebase-conflict.py	0bd8b210bdee6c8b4cad4407d5654858c96dc04256026baf98391a1f7b2787c3	source-file	workspace-source	merge	serve/cluster/experiments/mimo-v25/source/spark2-ts/mimo-v25-build/patches/fix-pcie-allreduce-rebase-conflict.py	0bd8b210bdee6c8b4cad4407d5654858c96dc04256026baf98391a1f7b2787c3	identity-copy
spark2-ts	/home/jjlink/inference/mimo-v25-build/patches/fix-pr21601-update.py	61895aa8b498d7fa984831ea3ec0d2943eef8e5c9c9a252cad4ec5c325a5555a	source-file	workspace-source	merge	serve/cluster/experiments/mimo-v25/source/spark2-ts/mimo-v25-build/patches/fix-pr21601-update.py	61895aa8b498d7fa984831ea3ec0d2943eef8e5c9c9a252cad4ec5c325a5555a	identity-copy
spark2-ts	/home/jjlink/inference/mimo-v25-build/patches/fix-qwen3-tool-call-reasoning.py	7dbab91826a8dd309e807457fd7c55c36006cc3b2060708d7574e82cdc53c54f	source-file	workspace-source	merge	serve/cluster/experiments/mimo-v25/source/spark2-ts/mimo-v25-build/patches/fix-qwen3-tool-call-reasoning.py	7dbab91826a8dd309e807457fd7c55c36006cc3b2060708d7574e82cdc53c54f	identity-copy
spark2-ts	/home/jjlink/inference/mimo-v25-build/patches/fix-triton-smem-autotuning-sm120.py	f2fcf00d4823a29afdb3ebf0d455361148e79c370423d053e225c6b280a8b4e9	source-file	workspace-source	merge	serve/cluster/experiments/mimo-v25/source/spark2-ts/mimo-v25-build/patches/fix-triton-smem-autotuning-sm120.py	f2fcf00d4823a29afdb3ebf0d455361148e79c370423d053e225c6b280a8b4e9	identity-copy
spark2-ts	/home/jjlink/inference/mimo-v25-build/patches/pr21601-causal-fix.patch	0541da880447568159c743893078dd7e77eb758d79bc00b17b3af8f94dbc0ff2	source-file	workspace-source	merge	serve/cluster/experiments/mimo-v25/source/spark2-ts/mimo-v25-build/patches/pr21601-causal-fix.patch	0541da880447568159c743893078dd7e77eb758d79bc00b17b3af8f94dbc0ff2	identity-copy
spark2-ts	/home/jjlink/inference/mimo-v25-build/patches/pr21601-piecewise-disable.patch	4f89ca235c06e3309c7e6724396bde6cf32e57aa88bd0f8ec6232b60537f68ee	source-file	workspace-source	merge	serve/cluster/experiments/mimo-v25/source/spark2-ts/mimo-v25-build/patches/pr21601-piecewise-disable.patch	4f89ca235c06e3309c7e6724396bde6cf32e57aa88bd0f8ec6232b60537f68ee	identity-copy
spark2-ts	/home/jjlink/inference/mimo-v25-build/patches/sglang-kld-logit-capture.py	6fd73e169cb07f330527f39e8bf83bc3fcce683a0eab066d5c3fac08b7340435	source-file	workspace-source	merge	serve/cluster/experiments/mimo-v25/source/spark2-ts/mimo-v25-build/patches/sglang-kld-logit-capture.py	6fd73e169cb07f330527f39e8bf83bc3fcce683a0eab066d5c3fac08b7340435	identity-copy
spark2-ts	/home/jjlink/inference/mimo-v25-build/profiles/glm5-nvfp4.sh	bb1c1bb7440830180467b0ea0933fdcb479a9b5bf236fe09047d570c981c1ea7	source-file	workspace-source	merge	serve/cluster/experiments/mimo-v25/source/spark2-ts/mimo-v25-build/profiles/glm5-nvfp4.sh	bb1c1bb7440830180467b0ea0933fdcb479a9b5bf236fe09047d570c981c1ea7	identity-copy
spark2-ts	/home/jjlink/inference/mimo-v25-build/profiles/qwen35-b12x.sh	f75b9bc0d31eb0bb811b8e887d451d0778fe91a4b83b89516df980eed9533943	source-file	workspace-source	merge	serve/cluster/experiments/mimo-v25/source/spark2-ts/mimo-v25-build/profiles/qwen35-b12x.sh	f75b9bc0d31eb0bb811b8e887d451d0778fe91a4b83b89516df980eed9533943	identity-copy
spark2-ts	/home/jjlink/inference/mimo-v25-build/scripts/benchmark_results.json	287d1273ca4f5ea32dcb69d7445efeff9cab5dd95b6399f1d11a80126bc18ea7	generated-file	generated	generated-ignore	-	-	generated-result
spark2-ts	/home/jjlink/inference/mimo-v25-build/scripts/benchmark_sglang.py	df65d4a6207f62b6f694a6aa8b64221812d6c5e0c2cbe071a26eca5e737b6fb0	source-file	workspace-source	merge	serve/cluster/experiments/mimo-v25/source/spark2-ts/mimo-v25-build/scripts/benchmark_sglang.py	df65d4a6207f62b6f694a6aa8b64221812d6c5e0c2cbe071a26eca5e737b6fb0	identity-copy
spark2-ts	/home/jjlink/inference/mimo-v25-build/scripts/kld_eval_pipeline.sh	54108c0beac1f5ced2e6cdf8167abe54a104f3f8a674194910c03c266896cab4	source-file	workspace-source	merge	serve/cluster/experiments/mimo-v25/source/spark2-ts/mimo-v25-build/scripts/kld_eval_pipeline.sh	54108c0beac1f5ced2e6cdf8167abe54a104f3f8a674194910c03c266896cab4	identity-copy
spark2-ts	/home/jjlink/inference/mimo-v25-build/scripts/sglang_kld_eval.py	2b22cc17da199e1e965900bbd9562035bb134158c7272ea6bbbb8f97dd1235ad	source-file	workspace-source	merge	serve/cluster/experiments/mimo-v25/source/spark2-ts/mimo-v25-build/scripts/sglang_kld_eval.py	2b22cc17da199e1e965900bbd9562035bb134158c7272ea6bbbb8f97dd1235ad	identity-copy
spark2-ts	/home/jjlink/inference/mimo-v25-build/warmup_jit.py	ddb2371eaa4ba4dfff6cbf47fc6124d17e77df98bddc648fddf0579c892ca80d	source-file	workspace-source	merge	serve/cluster/experiments/mimo-v25/source/spark2-ts/mimo-v25-build/warmup_jit.py	ddb2371eaa4ba4dfff6cbf47fc6124d17e77df98bddc648fddf0579c892ca80d	identity-copy
spark2-ts	/home/jjlink/inference/mimo-v25-recipe/apply-mods.sh	d717dd48c8c9e6e576e93c504bec141da1815201436511130121f673fb4fd7ac	source-file	workspace-source	merge	serve/cluster/experiments/mimo-v25/source/spark2-ts/mimo-v25-recipe/apply-mods.sh	d717dd48c8c9e6e576e93c504bec141da1815201436511130121f673fb4fd7ac	identity-copy
spark2-ts	/home/jjlink/inference/mimo-v25-recipe/env.sh	fce10ecb732ec53126d0dd08e92c6f63ab3c20926ff4169a41b26fd40ef34652	source-file	workspace-source	merge	serve/cluster/experiments/mimo-v25/source/spark2-ts/mimo-v25-recipe/env.sh	fce10ecb732ec53126d0dd08e92c6f63ab3c20926ff4169a41b26fd40ef34652	identity-copy
spark2-ts	/home/jjlink/inference/mimo-v25-recipe/launch-spark.sh	fe4442717b219e2a557148e6a781089814e107a1a9b8a4de422d78676ad0d6f7	source-file	workspace-source	merge	serve/cluster/experiments/mimo-v25/source/spark2-ts/mimo-v25-recipe/launch-spark.sh	fe4442717b219e2a557148e6a781089814e107a1a9b8a4de422d78676ad0d6f7	identity-copy
spark2-ts	/home/jjlink/inference/mimo-v25-recipe/launch.sh	d68ecc58d638b2b33c60838bca342a8b5d620ac5751002b6c99dc11d5e7e6072	source-file	workspace-source	merge	serve/cluster/experiments/mimo-v25/source/spark2-ts/mimo-v25-recipe/launch.sh	d68ecc58d638b2b33c60838bca342a8b5d620ac5751002b6c99dc11d5e7e6072	identity-copy
spark2-ts	/home/jjlink/inference/mimo-v25-recipe/mods/drop-caches/run.sh	71ad6cfd42bacede4d27ef715d9e07fa7ff7a191389ee3dd6eefbf142bbe655d	source-file	workspace-source	merge	serve/cluster/experiments/mimo-v25/source/spark2-ts/mimo-v25-recipe/mods/drop-caches/run.sh	71ad6cfd42bacede4d27ef715d9e07fa7ff7a191389ee3dd6eefbf142bbe655d	identity-copy
spark2-ts	/home/jjlink/inference/mimo-v25-recipe/mods/fix-mimo-v2-vllm/run.sh	cd5a91c36de18517aeca5c047c1ba06be4f51f6d4c6bb8d3da023c6e62a38900	source-file	workspace-source	merge	serve/cluster/experiments/mimo-v25/source/spark2-ts/mimo-v25-recipe/mods/fix-mimo-v2-vllm/run.sh	cd5a91c36de18517aeca5c047c1ba06be4f51f6d4c6bb8d3da023c6e62a38900	identity-copy
spark2-ts	/home/jjlink/inference/mimo-v25-recipe/mods/fix-modelopt-mixed-mxfp8/run.sh	358893ea6b54d01f2cc7746028457d357c7986acfea42e5cdf8d5a13d82537da	source-file	workspace-source	merge	serve/cluster/experiments/mimo-v25/source/spark2-ts/mimo-v25-recipe/mods/fix-modelopt-mixed-mxfp8/run.sh	358893ea6b54d01f2cc7746028457d357c7986acfea42e5cdf8d5a13d82537da	identity-copy
spark2-ts	/home/jjlink/inference/mimo-v25-recipe/mods/fix-prometheus-instrumentator-router/run.sh	f0ea67f21f5202645edb42ad5bbcedd28b4e0d7c6bcac9317bf1f188fd27a5b9	source-file	workspace-source	merge	serve/cluster/experiments/mimo-v25/source/spark2-ts/mimo-v25-recipe/mods/fix-prometheus-instrumentator-router/run.sh	f0ea67f21f5202645edb42ad5bbcedd28b4e0d7c6bcac9317bf1f188fd27a5b9	identity-copy
spark2-ts	/home/jjlink/inference/mimo-v25-recipe/mods/nvfp4-kv-diffkv/experiments/README.md	3bf8d1ddf8d403a5e8d2f6fac793356c87569a28d511a4337466002982550aca	source-file	workspace-source	merge	serve/cluster/experiments/mimo-v25/source/spark2-ts/mimo-v25-recipe/mods/nvfp4-kv-diffkv/experiments/README.md	3bf8d1ddf8d403a5e8d2f6fac793356c87569a28d511a4337466002982550aca	identity-copy
spark2-ts	/home/jjlink/inference/mimo-v25-recipe/mods/nvfp4-kv-diffkv/experiments/bs128-wmma.patch	eb4a88f54b31ef7da9800a95b5e0b8f2568125eef8acc6193e8f235ebc2aa7e1	source-file	workspace-source	merge	serve/cluster/experiments/mimo-v25/source/spark2-ts/mimo-v25-recipe/mods/nvfp4-kv-diffkv/experiments/bs128-wmma.patch	eb4a88f54b31ef7da9800a95b5e0b8f2568125eef8acc6193e8f235ebc2aa7e1	identity-copy
spark2-ts	/home/jjlink/inference/mimo-v25-recipe/mods/nvfp4-kv-diffkv/experiments/bs128_wmma_harness.py	cb5d83b346e1b1464c5fbcd1afe464b292f22b86c65b31fb508261005b3619dd	source-file	workspace-source	merge	serve/cluster/experiments/mimo-v25/source/spark2-ts/mimo-v25-recipe/mods/nvfp4-kv-diffkv/experiments/bs128_wmma_harness.py	cb5d83b346e1b1464c5fbcd1afe464b292f22b86c65b31fb508261005b3619dd	identity-copy
spark2-ts	/home/jjlink/inference/mimo-v25-recipe/mods/nvfp4-kv-diffkv/experiments/swa_sink_reference_harness.py	a7e1423497ad4cc09a70a3215ad5c3cbfc47f9b5d52388b7dfc66231a6c070f8	source-file	workspace-source	merge	serve/cluster/experiments/mimo-v25/source/spark2-ts/mimo-v25-recipe/mods/nvfp4-kv-diffkv/experiments/swa_sink_reference_harness.py	a7e1423497ad4cc09a70a3215ad5c3cbfc47f9b5d52388b7dfc66231a6c070f8	identity-copy
spark2-ts	/home/jjlink/inference/mimo-v25-recipe/mods/nvfp4-kv-diffkv/experiments/swa_sink_wmma_harness.py	9caea945e6fdfffe760ba048e53a96098620ab0c654cedf15a9409a8c7db158b	source-file	workspace-source	merge	serve/cluster/experiments/mimo-v25/source/spark2-ts/mimo-v25-recipe/mods/nvfp4-kv-diffkv/experiments/swa_sink_wmma_harness.py	9caea945e6fdfffe760ba048e53a96098620ab0c654cedf15a9409a8c7db158b	identity-copy
spark2-ts	/home/jjlink/inference/mimo-v25-recipe/mods/nvfp4-kv-diffkv/run.sh	3a04d3a89d0860783dd227f54be27fffb840202f158968324f3456f92056651e	source-file	workspace-source	merge	serve/cluster/experiments/mimo-v25/source/spark2-ts/mimo-v25-recipe/mods/nvfp4-kv-diffkv/run.sh	3a04d3a89d0860783dd227f54be27fffb840202f158968324f3456f92056651e	identity-copy
spark2-ts	/home/jjlink/inference/mimo-v25-recipe/mods/nvfp4-kv-diffkv/triton_attn_diffkv.py	79ce3ff5f1993f27b55f468fa983da229edd7b0bc32dc4ffc48f60308016b76b	source-file	workspace-source	merge	serve/cluster/experiments/mimo-v25/source/spark2-ts/mimo-v25-recipe/mods/nvfp4-kv-diffkv/triton_attn_diffkv.py	79ce3ff5f1993f27b55f468fa983da229edd7b0bc32dc4ffc48f60308016b76b	identity-copy
spark2-ts	/home/jjlink/inference/mimo-v25-recipe/mods/nvfp4-kv-diffkv/triton_unified_attention_diffkv.py	c696cbcee34aeca496afc56f3e5e665f948c68cb8107879cfbe70419fcf93d01	source-file	workspace-source	merge	serve/cluster/experiments/mimo-v25/source/spark2-ts/mimo-v25-recipe/mods/nvfp4-kv-diffkv/triton_unified_attention_diffkv.py	c696cbcee34aeca496afc56f3e5e665f948c68cb8107879cfbe70419fcf93d01	identity-copy
spark2-ts	/home/jjlink/inference/mimo-v25-recipe/mods/nvfp4-kv-diffkv/wmma_decode.py	eabd1fcaa585b5f051b7793acdb28d2e9acfe8f342668c57525b382e353f9cfd	source-file	workspace-source	merge	serve/cluster/experiments/mimo-v25/source/spark2-ts/mimo-v25-recipe/mods/nvfp4-kv-diffkv/wmma_decode.py	eabd1fcaa585b5f051b7793acdb28d2e9acfe8f342668c57525b382e353f9cfd	identity-copy
spark2-ts	/home/jjlink/inference/mimo-v25-recipe/mods/ray-keep-node-nccl-hca/run.sh	a71f29401b775313807d757defc25406ff2e59264dbb8322bcdf05f5936a9e6d	source-file	workspace-source	merge	serve/cluster/experiments/mimo-v25/source/spark2-ts/mimo-v25-recipe/mods/ray-keep-node-nccl-hca/run.sh	a71f29401b775313807d757defc25406ff2e59264dbb8322bcdf05f5936a9e6d	identity-copy
spark2-ts	/home/jjlink/inference/mimo-v25-recipe/run-container-spark.sh	376108bc15aa3b60680a3faa4e52faa7f331e99ddaf630db47f8932a1d4fddc4	source-file	workspace-source	merge	serve/cluster/experiments/mimo-v25/source/spark2-ts/mimo-v25-recipe/run-container-spark.sh	376108bc15aa3b60680a3faa4e52faa7f331e99ddaf630db47f8932a1d4fddc4	identity-copy
spark2-ts	/home/jjlink/inference/mimo-v25-recipe/run-container.sh	4e88cda4f17c8302736c2e825c77fb7a7a1ec7628ceddb9f2cece40935bd0239	source-file	workspace-source	merge	serve/cluster/experiments/mimo-v25/source/spark2-ts/mimo-v25-recipe/run-container.sh	4e88cda4f17c8302736c2e825c77fb7a7a1ec7628ceddb9f2cece40935bd0239	identity-copy
spark2-ts	/home/jjlink/inference/mimo-v25-recipe/run-head.sh	297da06d7ba48c352cb507d70d3f29f50fb1b357e40fe2c2122fab36b1292a34	source-file	workspace-source	merge	serve/cluster/experiments/mimo-v25/source/spark2-ts/mimo-v25-recipe/run-head.sh	297da06d7ba48c352cb507d70d3f29f50fb1b357e40fe2c2122fab36b1292a34	identity-copy
spark2-ts	/home/jjlink/inference/mimo-v25-recipe/run-worker.sh	d636ac1dff7f19489912f0600323a3ca75f57540a37eeb8fe67cc0a405d4b94b	source-file	workspace-source	merge	serve/cluster/experiments/mimo-v25/source/spark2-ts/mimo-v25-recipe/run-worker.sh	d636ac1dff7f19489912f0600323a3ca75f57540a37eeb8fe67cc0a405d4b94b	identity-copy
spark2-ts	/home/jjlink/inference/qwen36-27b-nvfp4-spark/README.md	589d27ca57099c1b85a43730bd8cc4dfede8e7d5c1e4fcc5272797a28ae94fc5	source-file	workspace-source	merge	serve/cluster/experiments/qwen36-27b-nvfp4-spark/source/spark2-ts/qwen36-27b-nvfp4-spark/README.md	589d27ca57099c1b85a43730bd8cc4dfede8e7d5c1e4fcc5272797a28ae94fc5	identity-copy
spark2-ts	/home/jjlink/inference/qwen36-27b-nvfp4-spark/VERIFY-CANDIDATE-A-RAY.md	aabd2dbbae1f6f1cec8ebfb0744a628cb7d688e0be935a3fb2d1d6f7982030b5	source-file	workspace-source	merge	serve/cluster/experiments/qwen36-27b-nvfp4-spark/source/spark2-ts/qwen36-27b-nvfp4-spark/VERIFY-CANDIDATE-A-RAY.md	aabd2dbbae1f6f1cec8ebfb0744a628cb7d688e0be935a3fb2d1d6f7982030b5	identity-copy
spark2-ts	/home/jjlink/inference/qwen36-27b-nvfp4-spark/VERIFY-CANDIDATE-B-MP.md	126d92d6d8ef1e5bb2cf4a2880d72973e343db3edfc81c2b5a6c5bbba2c079fb	source-file	workspace-source	merge	serve/cluster/experiments/qwen36-27b-nvfp4-spark/source/spark2-ts/qwen36-27b-nvfp4-spark/VERIFY-CANDIDATE-B-MP.md	126d92d6d8ef1e5bb2cf4a2880d72973e343db3edfc81c2b5a6c5bbba2c079fb	identity-copy
spark2-ts	/home/jjlink/inference/qwen36-27b-nvfp4-spark/VERIFY-FINAL.md	f78c1d51b523ab178550c65444e3ec28221d5c1093e55c7766c38b479ea53dd4	source-file	workspace-source	merge	serve/cluster/experiments/qwen36-27b-nvfp4-spark/source/spark2-ts/qwen36-27b-nvfp4-spark/VERIFY-FINAL.md	f78c1d51b523ab178550c65444e3ec28221d5c1093e55c7766c38b479ea53dd4	identity-copy
spark2-ts	/home/jjlink/inference/qwen36-27b-nvfp4-spark/env.sh	3f964ad6bf892488b819bc287bf7d92355fb741c3083beca2fd598f759e6b483	source-file	workspace-source	merge	serve/cluster/experiments/qwen36-27b-nvfp4-spark/source/spark2-ts/qwen36-27b-nvfp4-spark/env.sh	3f964ad6bf892488b819bc287bf7d92355fb741c3083beca2fd598f759e6b483	identity-copy
spark2-ts	/home/jjlink/inference/qwen36-27b-nvfp4-spark/gpu-sample.tsv	eeb1bccb46774da9995f2dd00c24ca96eb6733abd4bc516e91b3f4d9c1e1647b	generated-file	generated	generated-ignore	-	-	generated-result
spark2-ts	/home/jjlink/inference/qwen36-27b-nvfp4-spark/logs.sh	1fe3467c2bfb262b73601da7aba3b5176ff4b1f8cef8010f4807f4117dae944d	source-file	workspace-source	merge	serve/cluster/experiments/qwen36-27b-nvfp4-spark/source/spark2-ts/qwen36-27b-nvfp4-spark/logs.sh	1fe3467c2bfb262b73601da7aba3b5176ff4b1f8cef8010f4807f4117dae944d	identity-copy
spark2-ts	/home/jjlink/inference/qwen36-27b-nvfp4-spark/long.json	807e52762d95063c226d10290cb6cf1391582ec4175962d0810864a47abe4ca8	generated-file	generated	generated-ignore	-	-	generated-file
spark2-ts	/home/jjlink/inference/qwen36-27b-nvfp4-spark/models.json	dd52acbd7ab1de35eb5d88bb5f50de4f010debd94b5cdf86b5a4fcfba9fdcf5d	generated-file	generated	generated-ignore	-	-	generated-file
spark2-ts	/home/jjlink/inference/qwen36-27b-nvfp4-spark/short.json	f4f520285dfec2c93a21f4bd02e43ef032845b6ca2f029aa9bb5d686a167adef	generated-file	generated	generated-ignore	-	-	generated-file
spark2-ts	/home/jjlink/inference/qwen36-27b-nvfp4-spark/start-node.sh	84a32572d0bb8da4452c183775f5ab7909d8f9cbc69eb0ae47c90031f3309749	source-file	workspace-source	merge	serve/cluster/experiments/qwen36-27b-nvfp4-spark/source/spark2-ts/qwen36-27b-nvfp4-spark/start-node.sh	84a32572d0bb8da4452c183775f5ab7909d8f9cbc69eb0ae47c90031f3309749	identity-copy
spark2-ts	/home/jjlink/inference/qwen36-27b-nvfp4-spark/start.sh	928a4b192596d14aba59df88d63fd7bdb243a33d021f07747cf9443083253f91	source-file	workspace-source	merge	serve/cluster/experiments/qwen36-27b-nvfp4-spark/source/spark2-ts/qwen36-27b-nvfp4-spark/start.sh	928a4b192596d14aba59df88d63fd7bdb243a33d021f07747cf9443083253f91	identity-copy
spark2-ts	/home/jjlink/inference/qwen36-27b-nvfp4-spark/status.sh	84174ea021b9849f71ffa47fbed347b284e30b5acafc28d500f6dba64338be2d	source-file	workspace-source	merge	serve/cluster/experiments/qwen36-27b-nvfp4-spark/source/spark2-ts/qwen36-27b-nvfp4-spark/status.sh	84174ea021b9849f71ffa47fbed347b284e30b5acafc28d500f6dba64338be2d	identity-copy
spark2-ts	/home/jjlink/inference/qwen36-27b-nvfp4-spark/stop.sh	e49ba56738d18f2ccac9ade9ef399c9ccc719ad7a368fb5959f5cd1af3786020	source-file	workspace-source	merge	serve/cluster/experiments/qwen36-27b-nvfp4-spark/source/spark2-ts/qwen36-27b-nvfp4-spark/stop.sh	e49ba56738d18f2ccac9ade9ef399c9ccc719ad7a368fb5959f5cd1af3786020	identity-copy
spark2-ts	/home/jjlink/inference/qwen36-27b-nvfp4-spark/verify-output	-	excluded-root	generated-ignore	generated-ignore	-	-	excluded-root
spark2-ts	/home/jjlink/inference/qwen36-27b-nvfp4-spark/verify.sh	7f0121c91acabbff48b6bebd347362e6cb4880c48f918c8c568b3587aa12dfe1	source-file	workspace-source	merge	serve/cluster/experiments/qwen36-27b-nvfp4-spark/source/spark2-ts/qwen36-27b-nvfp4-spark/verify.sh	7f0121c91acabbff48b6bebd347362e6cb4880c48f918c8c568b3587aa12dfe1	identity-copy
spark2-ts	/home/jjlink/inference/qwen36-27b-ray-recipe/apply-mods.sh	5630fea5979ce2f3c37da0a9696140ad837edfde9d04e5331fbda01aad4ed83f	source-file	workspace-source	merge	serve/cluster/experiments/qwen36-27b-ray/source/spark2-ts/qwen36-27b-ray-recipe/apply-mods.sh	5630fea5979ce2f3c37da0a9696140ad837edfde9d04e5331fbda01aad4ed83f	identity-copy
spark2-ts	/home/jjlink/inference/qwen36-27b-ray-recipe/launch-spark.sh	72f3d6e86ff38d4f80a324d6af9cff8a914919311e6cc01f8cf913860a2eb984	source-file	workspace-source	merge	serve/cluster/experiments/qwen36-27b-ray/source/spark2-ts/qwen36-27b-ray-recipe/launch-spark.sh	72f3d6e86ff38d4f80a324d6af9cff8a914919311e6cc01f8cf913860a2eb984	identity-copy
spark2-ts	/home/jjlink/inference/qwen36-27b-ray-recipe/mods/drop-caches/run.sh	71ad6cfd42bacede4d27ef715d9e07fa7ff7a191389ee3dd6eefbf142bbe655d	source-file	workspace-source	merge	serve/cluster/experiments/qwen36-27b-ray/source/spark2-ts/qwen36-27b-ray-recipe/mods/drop-caches/run.sh	71ad6cfd42bacede4d27ef715d9e07fa7ff7a191389ee3dd6eefbf142bbe655d	identity-copy
spark2-ts	/home/jjlink/inference/qwen36-27b-ray-recipe/mods/fix-modelopt-mixed-mxfp8/run.sh	358893ea6b54d01f2cc7746028457d357c7986acfea42e5cdf8d5a13d82537da	source-file	workspace-source	merge	serve/cluster/experiments/qwen36-27b-ray/source/spark2-ts/qwen36-27b-ray-recipe/mods/fix-modelopt-mixed-mxfp8/run.sh	358893ea6b54d01f2cc7746028457d357c7986acfea42e5cdf8d5a13d82537da	identity-copy
spark2-ts	/home/jjlink/inference/qwen36-27b-ray-recipe/mods/fix-prometheus-instrumentator-router/run.sh	f0ea67f21f5202645edb42ad5bbcedd28b4e0d7c6bcac9317bf1f188fd27a5b9	source-file	workspace-source	merge	serve/cluster/experiments/qwen36-27b-ray/source/spark2-ts/qwen36-27b-ray-recipe/mods/fix-prometheus-instrumentator-router/run.sh	f0ea67f21f5202645edb42ad5bbcedd28b4e0d7c6bcac9317bf1f188fd27a5b9	identity-copy
spark2-ts	/home/jjlink/inference/qwen36-27b-ray-recipe/mods/ray-keep-node-nccl-hca/run.sh	a71f29401b775313807d757defc25406ff2e59264dbb8322bcdf05f5936a9e6d	source-file	workspace-source	merge	serve/cluster/experiments/qwen36-27b-ray/source/spark2-ts/qwen36-27b-ray-recipe/mods/ray-keep-node-nccl-hca/run.sh	a71f29401b775313807d757defc25406ff2e59264dbb8322bcdf05f5936a9e6d	identity-copy
spark2-ts	/home/jjlink/inference/qwen36-27b-ray-recipe/start.sh	f50008937d39e6711188b491334be07a9bad58e38f30de6294e4112dbc0f1cfa	source-file	workspace-source	merge	serve/cluster/experiments/qwen36-27b-ray/source/spark2-ts/qwen36-27b-ray-recipe/start.sh	f50008937d39e6711188b491334be07a9bad58e38f30de6294e4112dbc0f1cfa	identity-copy
spark2-ts	/home/jjlink/inference/qwen36-27b-unsloth-nvfp4-sglang-dflash/DFLASH-INCOMPATIBILITY.md	5611287549ee87b78dfe365c0f5fe29b42cc011f38ab5ac277c2b297f0c7c695	source-file	workspace-source	merge	serve/cluster/sglang/unsloth_qwen36_27b_nvfp4_dflash_tp2/source/spark2-ts/DFLASH-INCOMPATIBILITY.md	5611287549ee87b78dfe365c0f5fe29b42cc011f38ab5ac277c2b297f0c7c695	identity-copy
spark2-ts	/home/jjlink/inference/qwen36-27b-unsloth-nvfp4-sglang-dflash/README.md	1baeb10e856a6c2454f7e2b2a07951c075d1d8854672b2e54a2d7baa28752699	source-file	workspace-source	merge	serve/cluster/sglang/unsloth_qwen36_27b_nvfp4_dflash_tp2/source/spark2-ts/README.md	1baeb10e856a6c2454f7e2b2a07951c075d1d8854672b2e54a2d7baa28752699	identity-copy
spark2-ts	/home/jjlink/inference/qwen36-27b-unsloth-nvfp4-sglang-dflash/env.sh	6a27bf1e362296379af5d73e7dc4df51f8f05ac20b736654895b15a7d722133d	source-file	workspace-source	merge	serve/cluster/sglang/unsloth_qwen36_27b_nvfp4_dflash_tp2/source/spark2-ts/env.sh	6a27bf1e362296379af5d73e7dc4df51f8f05ac20b736654895b15a7d722133d	identity-copy
spark2-ts	/home/jjlink/inference/qwen36-27b-unsloth-nvfp4-sglang-dflash/logs.sh	7243a015add0616205f959a0be3b650550f3149e790a6b7cf0435e073b7b1e49	source-file	workspace-source	merge	serve/cluster/sglang/unsloth_qwen36_27b_nvfp4_dflash_tp2/source/spark2-ts/logs.sh	7243a015add0616205f959a0be3b650550f3149e790a6b7cf0435e073b7b1e49	identity-copy
spark2-ts	/home/jjlink/inference/qwen36-27b-unsloth-nvfp4-sglang-dflash/start-dflash.sh	0afc464b0accefcbba5cffc397ee92b4923b22aa23d5ebb09394d0c70d0c41bf	source-file	workspace-source	merge	serve/cluster/sglang/unsloth_qwen36_27b_nvfp4_dflash_tp2/source/spark2-ts/start-dflash.sh	0afc464b0accefcbba5cffc397ee92b4923b22aa23d5ebb09394d0c70d0c41bf	identity-copy
spark2-ts	/home/jjlink/inference/qwen36-27b-unsloth-nvfp4-sglang-dflash/start-node.sh	31fd2b84352e03c85ebf32ab471b184e4997cf9d3f2339905da175376d122109	source-file	workspace-source	merge	serve/cluster/sglang/unsloth_qwen36_27b_nvfp4_dflash_tp2/source/spark2-ts/start-node.sh	31fd2b84352e03c85ebf32ab471b184e4997cf9d3f2339905da175376d122109	identity-copy
spark2-ts	/home/jjlink/inference/qwen36-27b-unsloth-nvfp4-sglang-dflash/start.sh	36fdec3286d8bf763e3873f2ae86495a4c9accbe2c8d2f3ca10b27fcf5320bac	source-file	workspace-source	merge	serve/cluster/sglang/unsloth_qwen36_27b_nvfp4_dflash_tp2/source/spark2-ts/start.sh	36fdec3286d8bf763e3873f2ae86495a4c9accbe2c8d2f3ca10b27fcf5320bac	identity-copy
spark2-ts	/home/jjlink/inference/qwen36-27b-unsloth-nvfp4-sglang-dflash/status.sh	985729c94b2f27b9b6a9d2c5e0351f735d202c1e36e2c7074ef0a88d26c2e3ef	source-file	workspace-source	merge	serve/cluster/sglang/unsloth_qwen36_27b_nvfp4_dflash_tp2/source/spark2-ts/status.sh	985729c94b2f27b9b6a9d2c5e0351f735d202c1e36e2c7074ef0a88d26c2e3ef	identity-copy
spark2-ts	/home/jjlink/inference/qwen36-27b-unsloth-nvfp4-sglang-dflash/stop.sh	7ef413a0c8225de68e28c833189edc0a047d666e6fa139d671681ef8c608636b	source-file	workspace-source	merge	serve/cluster/sglang/unsloth_qwen36_27b_nvfp4_dflash_tp2/source/spark2-ts/stop.sh	7ef413a0c8225de68e28c833189edc0a047d666e6fa139d671681ef8c608636b	identity-copy
spark2-ts	/home/jjlink/inference/qwen36-27b-unsloth-nvfp4-sglang-dflash/verify-20260706-193503	-	excluded-root	generated-ignore	generated-ignore	-	-	excluded-root
spark2-ts	/home/jjlink/inference/qwen36-27b-unsloth-nvfp4-sglang-dflash/verify-20260706-195010	-	excluded-root	generated-ignore	generated-ignore	-	-	excluded-root
spark2-ts	/home/jjlink/inference/qwen36-27b-unsloth-nvfp4-sglang-dflash/verify-20260706-200404	-	excluded-root	generated-ignore	generated-ignore	-	-	excluded-root
spark2-ts	/home/jjlink/inference/qwen36-27b-unsloth-nvfp4-sglang-dflash/verify.sh	1fe05b4134196ab839deb9901a4c2cfddfdb49c656da8abc2958ca9c52f12d67	source-file	workspace-source	merge	serve/cluster/sglang/unsloth_qwen36_27b_nvfp4_dflash_tp2/source/spark2-ts/verify.sh	1fe05b4134196ab839deb9901a4c2cfddfdb49c656da8abc2958ca9c52f12d67	identity-copy
spark2-ts	/home/jjlink/inference/qwen36-vllm-dspark-recipe/Dockerfile	3a70f69ec1996ea6852ec03b3833f7d545873f6df3c3e8f135213bc660337fdc	source-file	workspace-source	merge	serve/cluster/experiments/qwen36-27b-nvfp4-dspark/source/spark2-ts/qwen36-vllm-dspark-recipe/Dockerfile	3a70f69ec1996ea6852ec03b3833f7d545873f6df3c3e8f135213bc660337fdc	identity-copy
spark2-ts	/home/jjlink/inference/qwen36-vllm-dspark-recipe/build.sh	7a00467564272e9ecff5d9eb7e12117b8edf326430be863c903e100bbc90906f	source-file	workspace-source	merge	serve/cluster/experiments/qwen36-27b-nvfp4-dspark/source/spark2-ts/qwen36-vllm-dspark-recipe/build.sh	7a00467564272e9ecff5d9eb7e12117b8edf326430be863c903e100bbc90906f	identity-copy
spark2-ts	/home/jjlink/inference/qwen36-vllm-dspark-recipe/env.sh	1d1f9dd0106229ed66401b343ca735831295d8f5df121e4312afe4d9c53176bf	source-file	workspace-source	merge	serve/cluster/experiments/qwen36-27b-nvfp4-dspark/source/spark2-ts/qwen36-vllm-dspark-recipe/env.sh	1d1f9dd0106229ed66401b343ca735831295d8f5df121e4312afe4d9c53176bf	identity-copy
spark2-ts	/home/jjlink/inference/qwen36-vllm-dspark-recipe/start.sh	f4a8d02bdc82639894d31933c8e40d30d508067ce517b3fe61e8dc5bcb46f896	source-file	workspace-source	merge	serve/cluster/experiments/qwen36-27b-nvfp4-dspark/source/spark2-ts/qwen36-vllm-dspark-recipe/start.sh.truncated	f4a8d02bdc82639894d31933c8e40d30d508067ce517b3fe61e8dc5bcb46f896	identity-copy-renamed-truncated
spark2-ts	/home/jjlink/inference/qwen36-vllm-rank-recipe/README.md	cf8ea882c02afc31657d4f3bfc62c42ec3c45fc5572e7663e4ab169343c5c1db	source-file	workspace-source	merge	serve/cluster/experiments/qwen36-vllm-rank-recipe/source/spark2-ts/qwen36-vllm-rank-recipe/README.md	cf8ea882c02afc31657d4f3bfc62c42ec3c45fc5572e7663e4ab169343c5c1db	identity-copy
spark2-ts	/home/jjlink/inference/qwen36-vllm-rank-recipe/VERIFY-CANDIDATE-B-MP.md	126d92d6d8ef1e5bb2cf4a2880d72973e343db3edfc81c2b5a6c5bbba2c079fb	source-file	workspace-source	merge	serve/cluster/experiments/qwen36-vllm-rank-recipe/source/spark2-ts/qwen36-vllm-rank-recipe/VERIFY-CANDIDATE-B-MP.md	126d92d6d8ef1e5bb2cf4a2880d72973e343db3edfc81c2b5a6c5bbba2c079fb	identity-copy
spark2-ts	/home/jjlink/inference/qwen36-vllm-rank-recipe/env.sh	949b063f8bc32bf7746bbd065b0f661a90b7c52f2a5e744e69352c1acb879672	source-file	workspace-source	merge	serve/cluster/experiments/qwen36-vllm-rank-recipe/source/spark2-ts/qwen36-vllm-rank-recipe/env.sh	949b063f8bc32bf7746bbd065b0f661a90b7c52f2a5e744e69352c1acb879672	identity-copy
spark2-ts	/home/jjlink/inference/qwen36-vllm-rank-recipe/logs.sh	1fe3467c2bfb262b73601da7aba3b5176ff4b1f8cef8010f4807f4117dae944d	source-file	workspace-source	merge	serve/cluster/experiments/qwen36-vllm-rank-recipe/source/spark2-ts/qwen36-vllm-rank-recipe/logs.sh	1fe3467c2bfb262b73601da7aba3b5176ff4b1f8cef8010f4807f4117dae944d	identity-copy
spark2-ts	/home/jjlink/inference/qwen36-vllm-rank-recipe/long.json	e3b0c44298fc1c149afbf4c8996fb92427ae41e4649b934ca495991b7852b855	generated-file	generated	generated-ignore	-	-	generated-file
spark2-ts	/home/jjlink/inference/qwen36-vllm-rank-recipe/models.json	87a3e24e19afde4f2a7b283a81a28086475c933f955e401c7cb1e33358c31ab8	generated-file	generated	generated-ignore	-	-	generated-file
spark2-ts	/home/jjlink/inference/qwen36-vllm-rank-recipe/short.json	28999cced321dbc49c7d68abdbf67f3ea5a8eab3be78a180196299eca61e441b	generated-file	generated	generated-ignore	-	-	generated-file
spark2-ts	/home/jjlink/inference/qwen36-vllm-rank-recipe/start-node.sh	84a32572d0bb8da4452c183775f5ab7909d8f9cbc69eb0ae47c90031f3309749	source-file	workspace-source	merge	serve/cluster/experiments/qwen36-vllm-rank-recipe/source/spark2-ts/qwen36-vllm-rank-recipe/start-node.sh	84a32572d0bb8da4452c183775f5ab7909d8f9cbc69eb0ae47c90031f3309749	identity-copy
spark2-ts	/home/jjlink/inference/qwen36-vllm-rank-recipe/start.sh	928a4b192596d14aba59df88d63fd7bdb243a33d021f07747cf9443083253f91	source-file	workspace-source	merge	serve/cluster/experiments/qwen36-vllm-rank-recipe/source/spark2-ts/qwen36-vllm-rank-recipe/start.sh	928a4b192596d14aba59df88d63fd7bdb243a33d021f07747cf9443083253f91	identity-copy
spark2-ts	/home/jjlink/inference/qwen36-vllm-rank-recipe/status.sh	84174ea021b9849f71ffa47fbed347b284e30b5acafc28d500f6dba64338be2d	source-file	workspace-source	merge	serve/cluster/experiments/qwen36-vllm-rank-recipe/source/spark2-ts/qwen36-vllm-rank-recipe/status.sh	84174ea021b9849f71ffa47fbed347b284e30b5acafc28d500f6dba64338be2d	identity-copy
spark2-ts	/home/jjlink/inference/qwen36-vllm-rank-recipe/stop.sh	e49ba56738d18f2ccac9ade9ef399c9ccc719ad7a368fb5959f5cd1af3786020	source-file	workspace-source	merge	serve/cluster/experiments/qwen36-vllm-rank-recipe/source/spark2-ts/qwen36-vllm-rank-recipe/stop.sh	e49ba56738d18f2ccac9ade9ef399c9ccc719ad7a368fb5959f5cd1af3786020	identity-copy
spark2-ts	/home/jjlink/inference/qwen36-vllm-rank-recipe/verify.sh	7f0121c91acabbff48b6bebd347362e6cb4880c48f918c8c568b3587aa12dfe1	source-file	workspace-source	merge	serve/cluster/experiments/qwen36-vllm-rank-recipe/source/spark2-ts/qwen36-vllm-rank-recipe/verify.sh	7f0121c91acabbff48b6bebd347362e6cb4880c48f918c8c568b3587aa12dfe1	identity-copy
spark2-ts	/home/jjlink/inference/serve/cluster/hy3-nvfp4-mtp/Dockerfile	7a66d404c089759cf45ce38757909893baa1d39e37cb87717a7e15f3827c706f	source-file	workspace-source	merge	serve/cluster/experiments/hy3-nvfp4-mtp/source/spark2-ts/Dockerfile	7a66d404c089759cf45ce38757909893baa1d39e37cb87717a7e15f3827c706f	identity-copy
spark2-ts	/home/jjlink/inference/serve/cluster/hy3-nvfp4-mtp/Dockerfile.v0.23.0-ray	7a66d404c089759cf45ce38757909893baa1d39e37cb87717a7e15f3827c706f	source-file	workspace-source	merge	serve/cluster/experiments/hy3-nvfp4-mtp/source/spark2-ts/Dockerfile.v0.23.0-ray	7a66d404c089759cf45ce38757909893baa1d39e37cb87717a7e15f3827c706f	identity-copy
spark2-ts	/home/jjlink/inference/serve/cluster/hy3-nvfp4-mtp/Dockerfile.v0.24.0-ray	4c5c417c9ef63e144c635fe4ad27d7c3300f7a01d6a8580b862198d23b273eda	source-file	workspace-source	merge	serve/cluster/experiments/hy3-nvfp4-mtp/source/spark2-ts/Dockerfile.v0.24.0-ray	4c5c417c9ef63e144c635fe4ad27d7c3300f7a01d6a8580b862198d23b273eda	identity-copy
spark2-ts	/home/jjlink/inference/serve/cluster/hy3-nvfp4-mtp/README.md	6d9066a7d3f0fef231849db11337a78c4b9f2848096a659958d0485779066cae	source-file	workspace-source	merge	serve/cluster/experiments/hy3-nvfp4-mtp/source/spark2-ts/README.md	6d9066a7d3f0fef231849db11337a78c4b9f2848096a659958d0485779066cae	identity-copy
spark2-ts	/home/jjlink/inference/serve/cluster/hy3-nvfp4-mtp/build-image.sh	7c7df25abb2b34927637fcf9f975820b4031375b576a675f1d7e4f4c3de43961	source-file	workspace-source	merge	serve/cluster/experiments/hy3-nvfp4-mtp/source/spark2-ts/build-image.sh	7c7df25abb2b34927637fcf9f975820b4031375b576a675f1d7e4f4c3de43961	identity-copy
spark2-ts	/home/jjlink/inference/serve/cluster/hy3-nvfp4-mtp/build-upstream-image.sh	5582b1bcca40e3cfd29d2afab9f753d32d204882590ade3870ca0a3e966410f9	source-file	workspace-source	merge	serve/cluster/experiments/hy3-nvfp4-mtp/source/spark2-ts/build-upstream-image.sh	5582b1bcca40e3cfd29d2afab9f753d32d204882590ade3870ca0a3e966410f9	identity-copy
spark2-ts	/home/jjlink/inference/serve/cluster/hy3-nvfp4-mtp/finish-deploy.sh	aefb656a600a5f492b62d0898422c6e1d7a4a9df9d203b89a4399ce6f41eaa32	source-file	workspace-source	merge	serve/cluster/experiments/hy3-nvfp4-mtp/source/spark2-ts/finish-deploy.sh	aefb656a600a5f492b62d0898422c6e1d7a4a9df9d203b89a4399ce6f41eaa32	identity-copy
spark2-ts	/home/jjlink/inference/serve/cluster/hy3-nvfp4-mtp/logs.sh	f7272f2094fa07c45701d2b2f99b1283bbaee2b743366801d40e0bd9742c8a72	source-file	workspace-source	merge	serve/cluster/experiments/hy3-nvfp4-mtp/source/spark2-ts/logs.sh	f7272f2094fa07c45701d2b2f99b1283bbaee2b743366801d40e0bd9742c8a72	identity-copy
spark2-ts	/home/jjlink/inference/serve/cluster/hy3-nvfp4-mtp/start.sh	3d7b9227589a64b414051a5b3b11d124c47cdecbb1f70125eddd2f152595801f	source-file	workspace-source	merge	serve/cluster/experiments/hy3-nvfp4-mtp/source/spark2-ts/start.sh	3d7b9227589a64b414051a5b3b11d124c47cdecbb1f70125eddd2f152595801f	identity-copy
spark2-ts	/home/jjlink/inference/serve/cluster/hy3-nvfp4-mtp/start.sh.bak-20260709-health	7dd759abb2147f2ef8a9427362e5a1ed2298703ee2f1d1a0b37d3c0d543ab40b	source-file	workspace-source	archive-only	-	-	secret-or-obsolete-local-variant
spark2-ts	/home/jjlink/inference/serve/cluster/hy3-nvfp4-mtp/status.sh	59be6bc266aabdbfc92e63384187748668eae3335022b90411f675c8ddff61bf	source-file	workspace-source	merge	serve/cluster/experiments/hy3-nvfp4-mtp/source/spark2-ts/status.sh	59be6bc266aabdbfc92e63384187748668eae3335022b90411f675c8ddff61bf	identity-copy
spark2-ts	/home/jjlink/inference/serve/cluster/hy3-nvfp4-mtp/stop.sh	6508109819f6cade1c8e069f33715e79fba8e9960232d21c299a5da56075c1a4	source-file	workspace-source	merge	serve/cluster/experiments/hy3-nvfp4-mtp/source/spark2-ts/stop.sh	6508109819f6cade1c8e069f33715e79fba8e9960232d21c299a5da56075c1a4	identity-copy
spark2-ts	/home/jjlink/inference/serve/cluster/hy3-nvfp4-mtp/verify.sh	06262201fcbc4db24f1ffd5b322d9e206bbd2abc71e88d45b21e99eff0061f66	source-file	workspace-source	merge	serve/cluster/experiments/hy3-nvfp4-mtp/source/spark2-ts/verify.sh	06262201fcbc4db24f1ffd5b322d9e206bbd2abc71e88d45b21e99eff0061f66	identity-copy
spark2-ts	/home/jjlink/inference/sglang/Gemma-4-12B-NVFP4-DFlash/dflash-tune-extended-20260612-214542.tsv	5a5dacf5cadea062ccea40e22a484d5854e531c7665ecb0722be7869d9e644fb	generated-file	generated	generated-ignore	-	-	generated-tuning-result
spark2-ts	/home/jjlink/inference/sglang/Gemma-4-12B-NVFP4-DFlash/docker-compose.yml	8eb8f8af8e6f9b1ff3f4c34b670812f435e3da195cef3a7b46dfec9389ed611b	source-file	workspace-source	merge	serve/sglang/spark/axionml_gemma4_12b_nvfp4_dflash/source/variants/spark2-ts/Gemma-4-12B-NVFP4-DFlash/docker-compose.yml	8eb8f8af8e6f9b1ff3f4c34b670812f435e3da195cef3a7b46dfec9389ed611b	identity-copy
spark2-ts	/home/jjlink/inference/sglang/Gemma-4-26B-A4B-NVFP4/docker-compose.yml	a7b4e917bd93706ebab0e550c5f5b49467058ec7873814f14dd80cce034ffd89	source-file	workspace-source	merge	serve/sglang/spark/nvidia_gemma4_26b_a4b_nvfp4/source/variants/spark2-ts/Gemma-4-26B-A4B-NVFP4/docker-compose.yml	a7b4e917bd93706ebab0e550c5f5b49467058ec7873814f14dd80cce034ffd89	identity-copy
spark2-ts	/home/jjlink/inference/sglang/Gemma-4-26B-sglang/docker-compose.yml	e3b0c44298fc1c149afbf4c8996fb92427ae41e4649b934ca495991b7852b855	source-file	workspace-source	merge	serve/sglang/spark/nvidia_gemma4_26b_a4b_nvfp4/source/variants/spark2-ts/Gemma-4-26B-sglang/docker-compose.yml	e3b0c44298fc1c149afbf4c8996fb92427ae41e4649b934ca495991b7852b855	identity-copy
spark2-ts	/home/jjlink/inference/sglang/Gemma-4-31B-IT-NVFP4-DFlash/dflash-tune-extended-20260612-212756.tsv	18f19c41b5c1631083d4ee2a775e93a4220ddaa5830425b28abdc5e68782b32d	generated-file	generated	generated-ignore	-	-	generated-tuning-result
spark2-ts	/home/jjlink/inference/sglang/Gemma-4-31B-IT-NVFP4-DFlash/dflash-tune-extended-20260612-214542.tsv	5a5dacf5cadea062ccea40e22a484d5854e531c7665ecb0722be7869d9e644fb	generated-file	generated	generated-ignore	-	-	generated-tuning-result
spark2-ts	/home/jjlink/inference/sglang/Gemma-4-31B-IT-NVFP4-DFlash/docker-compose.yml	a73fb727850f25f91c0d84def6adce304ef5f3be5a9e60fb0b46121e289a1b1e	source-file	workspace-source	merge	serve/sglang/spark/nvidia_gemma4_31b_it_nvfp4_dflash/source/variants/spark2-ts/Gemma-4-31B-IT-NVFP4-DFlash/docker-compose.yml	a73fb727850f25f91c0d84def6adce304ef5f3be5a9e60fb0b46121e289a1b1e	identity-copy
spark2-ts	/home/jjlink/inference/sglang/Gemma-4-31B-IT-NVFP4-DFlash/docker-compose.yml.new	f53846eb25c0b8a34ebb44a807b1e68f38fa29438d6941531a790ec21ac7b1dd	source-file	workspace-source	archive-only	-	-	secret-or-obsolete-local-variant
spark2-ts	/home/jjlink/inference/sglang/Gemma-4-31B-IT-NVFP4-DFlash/tune-run.log	6936cdb38f2981e27f544718cce7920d9610d3b003039e552430fb82c80d4bb5	generated-file	generated	generated-ignore	-	-	generated-file
spark2-ts	/home/jjlink/inference/sglang/Ornith-1.0-9B-NVFP4-AWQ/docker-compose.yml	22d34b5efa7856c6b09f2a14d0e4a6fdd24614ff711a2da5c3d958621d246f48	source-file	workspace-source	merge	serve/sglang/spark/luni_ornith_1_0_9b_nvfp4_awq/source/variants/spark2-ts/Ornith-1.0-9B-NVFP4-AWQ/docker-compose.yml	22d34b5efa7856c6b09f2a14d0e4a6fdd24614ff711a2da5c3d958621d246f48	identity-copy
spark2-ts	/home/jjlink/inference/sglang/Qwen3.5-9B-NVFP4/docker-compose.yml	7ec4973a0df74013c68b4665730df0e7ed4b1609d9c84d28c0dd512a1b89fcde	source-file	workspace-source	merge	serve/sglang/spark/axionml_qwen35_9b_nvfp4/source/variants/spark2-ts/Qwen3.5-9B-NVFP4/docker-compose.yml	7ec4973a0df74013c68b4665730df0e7ed4b1609d9c84d28c0dd512a1b89fcde	identity-copy
spark2-ts	/home/jjlink/inference/sglang/Qwen3.6-27B-FP8-DFlash/.docker-compose.yml.tune-backup	e829156136ea40ac2fc030b7a8c53ccc2f8ac34eab52f505d0a0cd4ea238a604	source-file	workspace-source	archive-only	-	-	secret-or-obsolete-local-variant
spark2-ts	/home/jjlink/inference/sglang/Qwen3.6-27B-FP8-DFlash/dflash-tune-extended-20260609-080817.tsv	090bd250bb911825e19670e88e1f2770a66cb9a666c85c51a3a827178b51c57f	generated-file	generated	generated-ignore	-	-	generated-tuning-result
spark2-ts	/home/jjlink/inference/sglang/Qwen3.6-27B-FP8-DFlash/dflash-tune-extended-20260609-180413.tsv	91813f477bb1163104085291d1eb48b4a919650dc2b92916048cd53747b2f34d	generated-file	generated	generated-ignore	-	-	generated-tuning-result
spark2-ts	/home/jjlink/inference/sglang/Qwen3.6-27B-FP8-DFlash/dflash-tune-extended-20260609-200839.tsv	f36a6a4b9ddcf26539c0207768b51cb93306552f39a74782c8d5a012102dc6ed	generated-file	generated	generated-ignore	-	-	generated-tuning-result
spark2-ts	/home/jjlink/inference/sglang/Qwen3.6-27B-FP8-DFlash/dflash-tune-extended-20260609-203145.tsv	db10bfc83a0cd4f5474f04c8be936a420689764aaedca927a3021d48228b72e6	generated-file	generated	generated-ignore	-	-	generated-tuning-result
spark2-ts	/home/jjlink/inference/sglang/Qwen3.6-27B-FP8-DFlash/docker-compose.yml	a41df894519d52a057e2c2f0129371f5a785ead748ccc64b8abfa8b291ce63c8	source-file	workspace-source	merge	serve/sglang/spark/qwen36_27b_fp8_dflash/source/variants/spark2-ts/Qwen3.6-27B-FP8-DFlash/docker-compose.yml	a41df894519d52a057e2c2f0129371f5a785ead748ccc64b8abfa8b291ce63c8	identity-copy
spark2-ts	/home/jjlink/inference/sglang/Qwen3.6-27B-FP8-DFlash/scripts/down.sh	3819194a401cb7f3462a1a1e76b366752667caa26afbf03bfdea35bccff57be0	source-file	workspace-source	merge	serve/sglang/spark/qwen36_27b_fp8_dflash/source/variants/spark2-ts/Qwen3.6-27B-FP8-DFlash/scripts/down.sh	3819194a401cb7f3462a1a1e76b366752667caa26afbf03bfdea35bccff57be0	identity-copy
spark2-ts	/home/jjlink/inference/sglang/Qwen3.6-27B-FP8-DFlash/scripts/logs.sh	4c098ef3a1f86f21e22e5d132728c02ed0d00b891c3df9ad55143970628a8164	source-file	workspace-source	merge	serve/sglang/spark/qwen36_27b_fp8_dflash/source/variants/spark2-ts/Qwen3.6-27B-FP8-DFlash/scripts/logs.sh	4c098ef3a1f86f21e22e5d132728c02ed0d00b891c3df9ad55143970628a8164	identity-copy
spark2-ts	/home/jjlink/inference/sglang/Qwen3.6-27B-FP8-DFlash/scripts/test.sh	1580bfbc9c2e7dd75b5bdebfa5624fb4c8da77bcfc85a8ac3efe0ab52680ce15	source-file	workspace-source	merge	serve/sglang/spark/qwen36_27b_fp8_dflash/source/variants/spark2-ts/Qwen3.6-27B-FP8-DFlash/scripts/test.sh	1580bfbc9c2e7dd75b5bdebfa5624fb4c8da77bcfc85a8ac3efe0ab52680ce15	identity-copy
spark2-ts	/home/jjlink/inference/sglang/Qwen3.6-27B-FP8-DFlash/scripts/tune-dflash.sh	31a66019fe58594984ef2c2a4c855aafb83f8c34e4f65c7d353cd5cab3330d7a	source-file	workspace-source	merge	serve/sglang/spark/qwen36_27b_fp8_dflash/source/variants/spark2-ts/Qwen3.6-27B-FP8-DFlash/scripts/tune-dflash.sh	31a66019fe58594984ef2c2a4c855aafb83f8c34e4f65c7d353cd5cab3330d7a	identity-copy
spark2-ts	/home/jjlink/inference/sglang/Qwen3.6-27B-FP8-DFlash/scripts/up.sh	156ae208d9bb941fb32513f155d59a92a98b6851db97e225e742429b2d6c5e6f	source-file	workspace-source	merge	serve/sglang/spark/qwen36_27b_fp8_dflash/source/variants/spark2-ts/Qwen3.6-27B-FP8-DFlash/scripts/up.sh	156ae208d9bb941fb32513f155d59a92a98b6851db97e225e742429b2d6c5e6f	identity-copy
spark2-ts	/home/jjlink/inference/sglang/Qwen3.6-27B-FP8-EAGLE3/docker-compose.yml	384da88cea4c8d3e86cef640589707d159219bd177f7fba1f9733514d1fb21a5	source-file	workspace-source	merge	serve/sglang/spark/qwen36_27b_fp8_eagle3/source/variants/spark2-ts/Qwen3.6-27B-FP8-EAGLE3/docker-compose.yml	384da88cea4c8d3e86cef640589707d159219bd177f7fba1f9733514d1fb21a5	identity-copy
spark2-ts	/home/jjlink/inference/sglang/Qwen3.6-27B-FP8-EAGLE3/eagle3-tune-20260614-125836.tsv	15bb1d62fd60559d847d46a27492828b5f962d14335e938d0bb969825aed0c11	generated-file	generated	generated-ignore	-	-	generated-tuning-result
spark2-ts	/home/jjlink/inference/sglang/Qwen3.6-27B-FP8-EAGLE3/eagle3-tune-20260614-140632.tsv	f34f4fdf99ac0761c0595acf59f54bb340c4adff19b124a99ee8200e3d6476f9	generated-file	generated	generated-ignore	-	-	generated-tuning-result
spark2-ts	/home/jjlink/inference/sglang/Qwen3.6-27B-FP8-EAGLE3/eagle3-tune-spark.log	1b950f53f85b3a37d81c82733b3e932fb11dc05a1590b0a1b8c08b7ff83af48a	generated-file	generated	generated-ignore	-	-	generated-file
spark2-ts	/home/jjlink/inference/sglang/Qwen3.6-27B-FP8-EAGLE3/tune.sh	6bdb694a74c99de84eb79dbaa7e6b59c00edca753cd88e772f8a8ab136acf355	source-file	workspace-source	merge	serve/sglang/spark/qwen36_27b_fp8_eagle3/source/variants/spark2-ts/Qwen3.6-27B-FP8-EAGLE3/tune.sh	6bdb694a74c99de84eb79dbaa7e6b59c00edca753cd88e772f8a8ab136acf355	identity-copy
spark2-ts	/home/jjlink/inference/sglang/Qwen3.6-27B-FP8/docker-compose.yml	210b1520f2542816c397c824b9b7d29aa7a8b413d7063f236daf4b83335c3b28	source-file	workspace-source	merge	serve/sglang/spark/qwen36_27b_fp8/source/variants/spark2-ts/Qwen3.6-27B-FP8/docker-compose.yml	210b1520f2542816c397c824b9b7d29aa7a8b413d7063f236daf4b83335c3b28	identity-copy
spark2-ts	/home/jjlink/inference/sglang/Qwen3.6-27B-NVFP4-DFlash/.env	bede8750da1daf7ef82d99a15d8fefe0e034ad3e184537e64c336057d1d6e937	source-file	workspace-source	archive-only	-	-	secret-or-obsolete-local-variant
spark2-ts	/home/jjlink/inference/sglang/Qwen3.6-27B-NVFP4-DFlash/.env.example	bede8750da1daf7ef82d99a15d8fefe0e034ad3e184537e64c336057d1d6e937	source-file	workspace-source	merge	serve/sglang/spark/unsloth_qwen36_27b_nvfp4_dflash/source/variants/spark2-ts/Qwen3.6-27B-NVFP4-DFlash/.env.example	bede8750da1daf7ef82d99a15d8fefe0e034ad3e184537e64c336057d1d6e937	identity-copy
spark2-ts	/home/jjlink/inference/sglang/Qwen3.6-27B-NVFP4-DFlash/README.md	9800c35d15de9494c339e90ae0a7699618a164d1ca250ce7217f596312d5aeb3	source-file	workspace-source	merge	serve/sglang/spark/unsloth_qwen36_27b_nvfp4_dflash/source/variants/spark2-ts/Qwen3.6-27B-NVFP4-DFlash/README.md	9800c35d15de9494c339e90ae0a7699618a164d1ca250ce7217f596312d5aeb3	identity-copy
spark2-ts	/home/jjlink/inference/sglang/Qwen3.6-27B-NVFP4-DFlash/dflash-tune-20260603-134500.tsv	205c154f101f0df6df78837ee14f393a8f8226a85c2223469a879ff116bf5d0e	generated-file	generated	generated-ignore	-	-	generated-tuning-result
spark2-ts	/home/jjlink/inference/sglang/Qwen3.6-27B-NVFP4-DFlash/dflash-tune-extended-20260609-213747.tsv	a8b14fd8f121e62c0e71527f5568c9e8176d7b788c291510976dfbe4a6dfeed6	generated-file	generated	generated-ignore	-	-	generated-tuning-result
spark2-ts	/home/jjlink/inference/sglang/Qwen3.6-27B-NVFP4-DFlash/docker-compose.yml	a62ca9cc409a2e0a531de8d2d2e8ab030cb3ed07ee3626b421191460d6c3c5da	source-file	workspace-source	merge	serve/sglang/spark/unsloth_qwen36_27b_nvfp4_dflash/source/variants/spark2-ts/Qwen3.6-27B-NVFP4-DFlash/docker-compose.yml	a62ca9cc409a2e0a531de8d2d2e8ab030cb3ed07ee3626b421191460d6c3c5da	identity-copy
spark2-ts	/home/jjlink/inference/sglang/Qwen3.6-27B-NVFP4-DFlash/port-proxy.log	84fdac32df53970623da9bb05df2475c357cb701894e529e3ff4ec1f6354bd14	generated-file	generated	generated-ignore	-	-	generated-file
spark2-ts	/home/jjlink/inference/sglang/Qwen3.6-27B-NVFP4-DFlash/scripts/down.sh	3819194a401cb7f3462a1a1e76b366752667caa26afbf03bfdea35bccff57be0	source-file	workspace-source	merge	serve/sglang/spark/unsloth_qwen36_27b_nvfp4_dflash/source/variants/spark2-ts/Qwen3.6-27B-NVFP4-DFlash/scripts/down.sh	3819194a401cb7f3462a1a1e76b366752667caa26afbf03bfdea35bccff57be0	identity-copy
spark2-ts	/home/jjlink/inference/sglang/Qwen3.6-27B-NVFP4-DFlash/scripts/logs.sh	4c098ef3a1f86f21e22e5d132728c02ed0d00b891c3df9ad55143970628a8164	source-file	workspace-source	merge	serve/sglang/spark/unsloth_qwen36_27b_nvfp4_dflash/source/variants/spark2-ts/Qwen3.6-27B-NVFP4-DFlash/scripts/logs.sh	4c098ef3a1f86f21e22e5d132728c02ed0d00b891c3df9ad55143970628a8164	identity-copy
spark2-ts	/home/jjlink/inference/sglang/Qwen3.6-27B-NVFP4-DFlash/scripts/port-proxy.py	379f84d5c1658702907af409daf0bc9074266baffb9ec6bd02643ba79fc320a2	source-file	workspace-source	merge	serve/sglang/spark/unsloth_qwen36_27b_nvfp4_dflash/source/variants/spark2-ts/Qwen3.6-27B-NVFP4-DFlash/scripts/port-proxy.py	379f84d5c1658702907af409daf0bc9074266baffb9ec6bd02643ba79fc320a2	identity-copy
spark2-ts	/home/jjlink/inference/sglang/Qwen3.6-27B-NVFP4-DFlash/scripts/test.sh	b725ce04d071c52e6118ca3dc80e66854da2bb23626d288dd18d97e260c7f65a	source-file	workspace-source	merge	serve/sglang/spark/unsloth_qwen36_27b_nvfp4_dflash/source/variants/spark2-ts/Qwen3.6-27B-NVFP4-DFlash/scripts/test.sh	b725ce04d071c52e6118ca3dc80e66854da2bb23626d288dd18d97e260c7f65a	identity-copy
spark2-ts	/home/jjlink/inference/sglang/Qwen3.6-27B-NVFP4-DFlash/scripts/tune-dflash.sh	e3e2c3f557855a490bc1cc94526e1c6bdf2a093d01b9bab5c4d99bec9487565d	source-file	workspace-source	merge	serve/sglang/spark/unsloth_qwen36_27b_nvfp4_dflash/source/variants/spark2-ts/Qwen3.6-27B-NVFP4-DFlash/scripts/tune-dflash.sh	e3e2c3f557855a490bc1cc94526e1c6bdf2a093d01b9bab5c4d99bec9487565d	identity-copy
spark2-ts	/home/jjlink/inference/sglang/Qwen3.6-27B-NVFP4-DFlash/scripts/tune-dflash.sh.bak-20260611-port-publish	e3e2c3f557855a490bc1cc94526e1c6bdf2a093d01b9bab5c4d99bec9487565d	source-file	workspace-source	archive-only	-	-	secret-or-obsolete-local-variant
spark2-ts	/home/jjlink/inference/sglang/Qwen3.6-27B-NVFP4-DFlash/scripts/up.sh	156ae208d9bb941fb32513f155d59a92a98b6851db97e225e742429b2d6c5e6f	source-file	workspace-source	merge	serve/sglang/spark/unsloth_qwen36_27b_nvfp4_dflash/source/variants/spark2-ts/Qwen3.6-27B-NVFP4-DFlash/scripts/up.sh	156ae208d9bb941fb32513f155d59a92a98b6851db97e225e742429b2d6c5e6f	identity-copy
spark2-ts	/home/jjlink/inference/sglang/Qwen3.6-27B-NVFP4-DFlash/scripts/up.sh.bak-20260611-port-publish	156ae208d9bb941fb32513f155d59a92a98b6851db97e225e742429b2d6c5e6f	source-file	workspace-source	archive-only	-	-	secret-or-obsolete-local-variant
spark2-ts	/home/jjlink/inference/sglang/Qwen3.6-27B-NVFP4-DFlash/tune-run.log	cf54a526d73cb6081ee833d807708556c05435aa0a09120eff75f5245283b726	generated-file	generated	generated-ignore	-	-	generated-file
spark2-ts	/home/jjlink/inference/sglang/Qwen3.6-27B-NVFP4/docker-compose.yml	c0a1167ec6928f4418d0974094dbe2259476b717ca04d95b68d7554c0bdb9e76	source-file	workspace-source	merge	serve/sglang/spark/unsloth_qwen36_27b_nvfp4/source/variants/spark2-ts/Qwen3.6-27B-NVFP4/docker-compose.yml	c0a1167ec6928f4418d0974094dbe2259476b717ca04d95b68d7554c0bdb9e76	identity-copy
spark2-ts	/home/jjlink/inference/sglang/Qwen3.6-35B-A3B-FP8-DFlash/.env	bede8750da1daf7ef82d99a15d8fefe0e034ad3e184537e64c336057d1d6e937	source-file	workspace-source	archive-only	-	-	secret-or-obsolete-local-variant
spark2-ts	/home/jjlink/inference/sglang/Qwen3.6-35B-A3B-FP8-DFlash/.env.example	bede8750da1daf7ef82d99a15d8fefe0e034ad3e184537e64c336057d1d6e937	source-file	workspace-source	merge	serve/sglang/spark/qwen36_35b_a3b_fp8_dflash/source/variants/spark2-ts/Qwen3.6-35B-A3B-FP8-DFlash/.env.example	bede8750da1daf7ef82d99a15d8fefe0e034ad3e184537e64c336057d1d6e937	identity-copy
spark2-ts	/home/jjlink/inference/sglang/Qwen3.6-35B-A3B-FP8-DFlash/README.md	453a87310191e150ab02c3c882c6d6e3de4c0e45cc6eef9d3a6f3982c301a009	source-file	workspace-source	merge	serve/sglang/spark/qwen36_35b_a3b_fp8_dflash/source/variants/spark2-ts/Qwen3.6-35B-A3B-FP8-DFlash/README.md	453a87310191e150ab02c3c882c6d6e3de4c0e45cc6eef9d3a6f3982c301a009	identity-copy
spark2-ts	/home/jjlink/inference/sglang/Qwen3.6-35B-A3B-FP8-DFlash/dflash-tune-20260604-132330.tsv	603abe728f8759d4a03a1be7dde7bd79c529a4ae4db2aea4cc431459bbf18264	generated-file	generated	generated-ignore	-	-	generated-tuning-result
spark2-ts	/home/jjlink/inference/sglang/Qwen3.6-35B-A3B-FP8-DFlash/docker-compose.yml	719a03dd3881ee9d74fbbad86d8e82de9875e5dfbdd36f69bb2ea82c5be0419f	source-file	workspace-source	merge	serve/sglang/spark/qwen36_35b_a3b_fp8_dflash/source/variants/spark2-ts/Qwen3.6-35B-A3B-FP8-DFlash/docker-compose.yml	719a03dd3881ee9d74fbbad86d8e82de9875e5dfbdd36f69bb2ea82c5be0419f	identity-copy
spark2-ts	/home/jjlink/inference/sglang/Qwen3.6-35B-A3B-FP8-DFlash/scripts/down.sh	3819194a401cb7f3462a1a1e76b366752667caa26afbf03bfdea35bccff57be0	source-file	workspace-source	merge	serve/sglang/spark/qwen36_35b_a3b_fp8_dflash/source/variants/spark2-ts/Qwen3.6-35B-A3B-FP8-DFlash/scripts/down.sh	3819194a401cb7f3462a1a1e76b366752667caa26afbf03bfdea35bccff57be0	identity-copy
spark2-ts	/home/jjlink/inference/sglang/Qwen3.6-35B-A3B-FP8-DFlash/scripts/logs.sh	4c098ef3a1f86f21e22e5d132728c02ed0d00b891c3df9ad55143970628a8164	source-file	workspace-source	merge	serve/sglang/spark/qwen36_35b_a3b_fp8_dflash/source/variants/spark2-ts/Qwen3.6-35B-A3B-FP8-DFlash/scripts/logs.sh	4c098ef3a1f86f21e22e5d132728c02ed0d00b891c3df9ad55143970628a8164	identity-copy
spark2-ts	/home/jjlink/inference/sglang/Qwen3.6-35B-A3B-FP8-DFlash/scripts/test.sh	71d4d62ff36e0d39bb9b11bb1b886db150f5c48be607853c0acc8274b6831bfe	source-file	workspace-source	merge	serve/sglang/spark/qwen36_35b_a3b_fp8_dflash/source/variants/spark2-ts/Qwen3.6-35B-A3B-FP8-DFlash/scripts/test.sh	71d4d62ff36e0d39bb9b11bb1b886db150f5c48be607853c0acc8274b6831bfe	identity-copy
spark2-ts	/home/jjlink/inference/sglang/Qwen3.6-35B-A3B-FP8-DFlash/scripts/tune-dflash.sh	761ad5cd2507447769f1421e01d83cecb993333e906c8d63c391cee551aa00d1	source-file	workspace-source	merge	serve/sglang/spark/qwen36_35b_a3b_fp8_dflash/source/variants/spark2-ts/Qwen3.6-35B-A3B-FP8-DFlash/scripts/tune-dflash.sh	761ad5cd2507447769f1421e01d83cecb993333e906c8d63c391cee551aa00d1	identity-copy
spark2-ts	/home/jjlink/inference/sglang/Qwen3.6-35B-A3B-FP8-DFlash/scripts/up.sh	156ae208d9bb941fb32513f155d59a92a98b6851db97e225e742429b2d6c5e6f	source-file	workspace-source	merge	serve/sglang/spark/qwen36_35b_a3b_fp8_dflash/source/variants/spark2-ts/Qwen3.6-35B-A3B-FP8-DFlash/scripts/up.sh	156ae208d9bb941fb32513f155d59a92a98b6851db97e225e742429b2d6c5e6f	identity-copy
spark2-ts	/home/jjlink/inference/sglang/Qwen3.6-35B-A3B-FP8-DFlash/tune-run.log	aaf8ddc493660f0848c4023f77e2859ceba3167c370fa0cf1cfb377e3342b182	generated-file	generated	generated-ignore	-	-	generated-file
spark2-ts	/home/jjlink/inference/sglang/Qwen3.6-35B-A3B-FP8/docker-compose.yml	20f7cd7f9d3e86843a58f684bc871c6b9c30b95eaccae00d0a534dfd293d47ca	source-file	workspace-source	merge	serve/sglang/spark/qwen36_35b_a3b_fp8/source/variants/spark2-ts/Qwen3.6-35B-A3B-FP8/docker-compose.yml	20f7cd7f9d3e86843a58f684bc871c6b9c30b95eaccae00d0a534dfd293d47ca	identity-copy
spark2-ts	/home/jjlink/inference/sglang/Qwen3.6-35B-A3B-NVFP4-DFlash/.env	bede8750da1daf7ef82d99a15d8fefe0e034ad3e184537e64c336057d1d6e937	source-file	workspace-source	archive-only	-	-	secret-or-obsolete-local-variant
spark2-ts	/home/jjlink/inference/sglang/Qwen3.6-35B-A3B-NVFP4-DFlash/.env.example	bede8750da1daf7ef82d99a15d8fefe0e034ad3e184537e64c336057d1d6e937	source-file	workspace-source	merge	serve/sglang/spark/redhatai_qwen36_35b_a3b_nvfp4_dflash/source/variants/spark2-ts/Qwen3.6-35B-A3B-NVFP4-DFlash/.env.example	bede8750da1daf7ef82d99a15d8fefe0e034ad3e184537e64c336057d1d6e937	identity-copy
spark2-ts	/home/jjlink/inference/sglang/Qwen3.6-35B-A3B-NVFP4-DFlash/README.md	5349ae1f35df1368ace7dd6e99e8e3ce80a674d6dbba943162c65bc0f8508741	source-file	workspace-source	merge	serve/sglang/spark/redhatai_qwen36_35b_a3b_nvfp4_dflash/source/variants/spark2-ts/Qwen3.6-35B-A3B-NVFP4-DFlash/README.md	5349ae1f35df1368ace7dd6e99e8e3ce80a674d6dbba943162c65bc0f8508741	identity-copy
spark2-ts	/home/jjlink/inference/sglang/Qwen3.6-35B-A3B-NVFP4-DFlash/dflash-tune-20260604-113509.tsv	931bfc23d55c172d84028503689016a189d5218620b26b0d0df84a93e0cdd1b7	generated-file	generated	generated-ignore	-	-	generated-tuning-result
spark2-ts	/home/jjlink/inference/sglang/Qwen3.6-35B-A3B-NVFP4-DFlash/docker-compose.yml	942e6c2c09f591f38ff0b35e9d5dd004d100f691bb5b7c64e48a992b88352e06	source-file	workspace-source	merge	serve/sglang/spark/redhatai_qwen36_35b_a3b_nvfp4_dflash/source/variants/spark2-ts/Qwen3.6-35B-A3B-NVFP4-DFlash/docker-compose.yml	942e6c2c09f591f38ff0b35e9d5dd004d100f691bb5b7c64e48a992b88352e06	identity-copy
spark2-ts	/home/jjlink/inference/sglang/Qwen3.6-35B-A3B-NVFP4-DFlash/scripts/down.sh	3819194a401cb7f3462a1a1e76b366752667caa26afbf03bfdea35bccff57be0	source-file	workspace-source	merge	serve/sglang/spark/redhatai_qwen36_35b_a3b_nvfp4_dflash/source/variants/spark2-ts/Qwen3.6-35B-A3B-NVFP4-DFlash/scripts/down.sh	3819194a401cb7f3462a1a1e76b366752667caa26afbf03bfdea35bccff57be0	identity-copy
spark2-ts	/home/jjlink/inference/sglang/Qwen3.6-35B-A3B-NVFP4-DFlash/scripts/logs.sh	4c098ef3a1f86f21e22e5d132728c02ed0d00b891c3df9ad55143970628a8164	source-file	workspace-source	merge	serve/sglang/spark/redhatai_qwen36_35b_a3b_nvfp4_dflash/source/variants/spark2-ts/Qwen3.6-35B-A3B-NVFP4-DFlash/scripts/logs.sh	4c098ef3a1f86f21e22e5d132728c02ed0d00b891c3df9ad55143970628a8164	identity-copy
spark2-ts	/home/jjlink/inference/sglang/Qwen3.6-35B-A3B-NVFP4-DFlash/scripts/test.sh	ea3994053004ea597d14a34315d878d0f01d7cbceaa755225d37fa74789b01a8	source-file	workspace-source	merge	serve/sglang/spark/redhatai_qwen36_35b_a3b_nvfp4_dflash/source/variants/spark2-ts/Qwen3.6-35B-A3B-NVFP4-DFlash/scripts/test.sh	ea3994053004ea597d14a34315d878d0f01d7cbceaa755225d37fa74789b01a8	identity-copy
spark2-ts	/home/jjlink/inference/sglang/Qwen3.6-35B-A3B-NVFP4-DFlash/scripts/tune-dflash.sh	995febc76045090d03fa351489942d7f0df1c8e5e7b7d61e5ba1878cb436c812	source-file	workspace-source	merge	serve/sglang/spark/redhatai_qwen36_35b_a3b_nvfp4_dflash/source/variants/spark2-ts/Qwen3.6-35B-A3B-NVFP4-DFlash/scripts/tune-dflash.sh	995febc76045090d03fa351489942d7f0df1c8e5e7b7d61e5ba1878cb436c812	identity-copy
spark2-ts	/home/jjlink/inference/sglang/Qwen3.6-35B-A3B-NVFP4-DFlash/scripts/up.sh	271dfb336b9e17c95a4cb4a2ad5f26958d886e521616d894a6409bb9e7af11c3	source-file	workspace-source	merge	serve/sglang/spark/redhatai_qwen36_35b_a3b_nvfp4_dflash/source/variants/spark2-ts/Qwen3.6-35B-A3B-NVFP4-DFlash/scripts/up.sh	271dfb336b9e17c95a4cb4a2ad5f26958d886e521616d894a6409bb9e7af11c3	identity-copy
spark2-ts	/home/jjlink/inference/sglang/Qwen3.6-35B-A3B-NVFP4-DFlash/tune-run.log	1e2146d116955345111e18b29136e3ef04ab1f29431feeeffb5dcb4ad5b163f1	generated-file	generated	generated-ignore	-	-	generated-file
spark2-ts	/home/jjlink/inference/sglang/Qwen3.6-35B-A3B-NVFP4/docker-compose.yml	517fabbe2991a8bfef8f922bff0e0c4689806180cb137ac0e14b9108fcdadee5	source-file	workspace-source	merge	serve/sglang/spark/redhatai_qwen36_35b_a3b_nvfp4/source/variants/spark2-ts/Qwen3.6-35B-A3B-NVFP4/docker-compose.yml	517fabbe2991a8bfef8f922bff0e0c4689806180cb137ac0e14b9108fcdadee5	identity-copy
spark2-ts	/home/jjlink/inference/sglang/all-dflash-tune-resume.log	560eb99ebf332cafdcec664cf12f480a8ebb3dc988f36fb973662c6d92dca6ff	generated-file	generated	generated-ignore	-	-	generated-file
spark2-ts	/home/jjlink/inference/sglang/all-dflash-tune.log	9a693f18977f2376219eba2a32de3ebf3396c7f0930e7c1317bcc1ffbeb827bf	generated-file	generated	generated-ignore	-	-	generated-file
spark2-ts	/home/jjlink/inference/sglang/benchmarks/results	-	excluded-root	generated-ignore	generated-ignore	-	-	excluded-root
spark2-ts	/home/jjlink/inference/sglang/diffusiongemma-26B-A4B-it-NVFP4/.env	bede8750da1daf7ef82d99a15d8fefe0e034ad3e184537e64c336057d1d6e937	source-file	workspace-source	archive-only	-	-	secret-or-obsolete-local-variant
spark2-ts	/home/jjlink/inference/sglang/diffusiongemma-26B-A4B-it-NVFP4/docker-compose.yml	aef3059e51a8dcb363fa3cfe472a4b5ac763dfd23383dcec0a3bf7f954005b41	source-file	workspace-source	merge	serve/sglang/spark/nvidia_diffusiongemma_26b_a4b_it_nvfp4/source/variants/spark2-ts/diffusiongemma-26B-A4B-it-NVFP4/docker-compose.yml	aef3059e51a8dcb363fa3cfe472a4b5ac763dfd23383dcec0a3bf7f954005b41	identity-copy
spark2-ts	/home/jjlink/inference/sglang/diffusiongemma-26B-A4B-it-NVFP4/launch-diffusiongemma.sh	dca24ab1561e5723921f0931c844a6f38d17b16769788e15fe9f8eeefe554e92	source-file	workspace-source	merge	serve/sglang/spark/nvidia_diffusiongemma_26b_a4b_it_nvfp4/source/variants/spark2-ts/diffusiongemma-26B-A4B-it-NVFP4/launch-diffusiongemma.sh	dca24ab1561e5723921f0931c844a6f38d17b16769788e15fe9f8eeefe554e92	identity-copy
spark2-ts	/home/jjlink/inference/sglang/diffusiongemma-26B-A4B-it-NVFP4/launch_diffusiongemma.sh	2ca49b61a9a729c41532f1698ddd2a77924f9b0feeaed45f8766ce85cffd0376	source-file	workspace-source	merge	serve/sglang/spark/redhatai_diffusiongemma_26b_a4b_it_nvfp4/source/variants/spark2-ts/diffusiongemma-26B-A4B-it-NVFP4/launch_diffusiongemma.sh	2ca49b61a9a729c41532f1698ddd2a77924f9b0feeaed45f8766ce85cffd0376	identity-copy
spark2-ts	/home/jjlink/inference/sglang/diffusiongemma-26B-A4B-it-NVFP4/stream_chat.py	8af448603abde1a9f914a99c9a70b6a22bde084a825df5e847df9ba924511bb9	source-file	workspace-source	merge	serve/sglang/spark/nvidia_diffusiongemma_26b_a4b_it_nvfp4/source/variants/spark2-ts/diffusiongemma-26B-A4B-it-NVFP4/stream_chat.py	8af448603abde1a9f914a99c9a70b6a22bde084a825df5e847df9ba924511bb9	identity-copy
spark2-ts	/home/jjlink/inference/sglang/nex-n2-mini-nvfp4/docker-compose.yml	0ef68d606fd3c8927d5d8769f9253022097c43147c5783c5d25365bf3a552a96	source-file	workspace-source	merge	serve/sglang/spark/r0b0tlab_nex_n2_mini_nvfp4/source/variants/spark2-ts/nex-n2-mini-nvfp4/docker-compose.yml	0ef68d606fd3c8927d5d8769f9253022097c43147c5783c5d25365bf3a552a96	identity-copy
spark2-ts	/home/jjlink/inference/sglang/nex-n2-mini-nvfp4/scripts/down.sh	3819194a401cb7f3462a1a1e76b366752667caa26afbf03bfdea35bccff57be0	source-file	workspace-source	merge	serve/sglang/spark/r0b0tlab_nex_n2_mini_nvfp4/source/variants/spark2-ts/nex-n2-mini-nvfp4/scripts/down.sh	3819194a401cb7f3462a1a1e76b366752667caa26afbf03bfdea35bccff57be0	identity-copy
spark2-ts	/home/jjlink/inference/sglang/nex-n2-mini-nvfp4/scripts/logs.sh	4c098ef3a1f86f21e22e5d132728c02ed0d00b891c3df9ad55143970628a8164	source-file	workspace-source	merge	serve/sglang/spark/r0b0tlab_nex_n2_mini_nvfp4/source/variants/spark2-ts/nex-n2-mini-nvfp4/scripts/logs.sh	4c098ef3a1f86f21e22e5d132728c02ed0d00b891c3df9ad55143970628a8164	identity-copy
spark2-ts	/home/jjlink/inference/sglang/nex-n2-mini-nvfp4/scripts/test.sh	099209e99cf00e5ee0e95c658a5ed6d0278e8296b07bdafd872263a3fe633b8a	source-file	workspace-source	merge	serve/sglang/spark/r0b0tlab_nex_n2_mini_nvfp4/source/variants/spark2-ts/nex-n2-mini-nvfp4/scripts/test.sh	099209e99cf00e5ee0e95c658a5ed6d0278e8296b07bdafd872263a3fe633b8a	identity-copy
spark2-ts	/home/jjlink/inference/sglang/nex-n2-mini-nvfp4/scripts/up.sh	156ae208d9bb941fb32513f155d59a92a98b6851db97e225e742429b2d6c5e6f	source-file	workspace-source	merge	serve/sglang/spark/r0b0tlab_nex_n2_mini_nvfp4/source/variants/spark2-ts/nex-n2-mini-nvfp4/scripts/up.sh	156ae208d9bb941fb32513f155d59a92a98b6851db97e225e742429b2d6c5e6f	identity-copy
spark2-ts	/home/jjlink/inference/sglang/nvfp4-sweep.log	314cce05f32fe32286b91cbdd4aef027eba1443aee6f8297d5bed7c8e1dacf78	generated-file	generated	generated-ignore	-	-	generated-file
spark2-ts	/home/jjlink/inference/sglang/qwen36_nvfp4_tp2/launch_tp2.sh	f4b86312659a1f8476116082c7718a7fd92efee30224b3b934410f9572ebf121	source-file	workspace-source	merge	serve/cluster/experiments/sglang-qwen36_nvfp4_tp2/source/spark2-ts/launch_tp2.sh	f4b86312659a1f8476116082c7718a7fd92efee30224b3b934410f9572ebf121	identity-copy
spark2-ts	/home/jjlink/inference/sglang/qwen36_nvfp4_tp2/rank0-docker-compose.yml	4008f84919fd6f4b8982c00671a8e7d7d9669ff75cef15a48bbf1f6c5fb94751	source-file	workspace-source	merge	serve/cluster/experiments/sglang-qwen36_nvfp4_tp2/source/spark2-ts/rank0-docker-compose.yml	4008f84919fd6f4b8982c00671a8e7d7d9669ff75cef15a48bbf1f6c5fb94751	identity-copy
spark2-ts	/home/jjlink/inference/sglang/qwen36_nvfp4_tp2/rank1-docker-compose.yml	05579778481265aefa16c84cbf17b0e49f25843de6035899f6a35c44408b0ef1	source-file	workspace-source	merge	serve/cluster/experiments/sglang-qwen36_nvfp4_tp2/source/spark2-ts/rank1-docker-compose.yml	05579778481265aefa16c84cbf17b0e49f25843de6035899f6a35c44408b0ef1	identity-copy
spark2-ts	/home/jjlink/inference/sglang/qwen36_nvfp4_tp2/start.sh	f2f4e019650d3e0cbbcc769d67599a06a06e45ece8cb07385145051f59c633cf	source-file	workspace-source	merge	serve/cluster/experiments/sglang-qwen36_nvfp4_tp2/source/spark2-ts/start.sh	f2f4e019650d3e0cbbcc769d67599a06a06e45ece8cb07385145051f59c633cf	identity-copy
spark2-ts	/home/jjlink/inference/sglang/qwen36_nvfp4_tp2/start_rank1.sh	0cc1bf02d781a470ccbb7f75b358873095254f54ea392f0783e4c41f3beb6400	source-file	workspace-source	merge	serve/cluster/experiments/sglang-qwen36_nvfp4_tp2/source/spark2-ts/start_rank1.sh	0cc1bf02d781a470ccbb7f75b358873095254f54ea392f0783e4c41f3beb6400	identity-copy
spark2-ts	/home/jjlink/inference/sglang/scripts/nvfp4-sweep.sh	1a68059e7ee2f4ddf14792628e7a22ef943473406b201add587210878a7bea6d	source-file	workspace-source	import	benchmarks/spark-source/sglang/spark2-ts/scripts/nvfp4-sweep.sh	1a68059e7ee2f4ddf14792628e7a22ef943473406b201add587210878a7bea6d	identity-copy
spark2-ts	/home/jjlink/inference/sglang/scripts/resume-dflash-tune.sh	9801f3a8db65f963b97d830dfd331552126879dadb1f13e3e1747f9085876b98	source-file	workspace-source	import	benchmarks/spark-source/sglang/spark2-ts/scripts/resume-dflash-tune.sh	9801f3a8db65f963b97d830dfd331552126879dadb1f13e3e1747f9085876b98	identity-copy
spark2-ts	/home/jjlink/inference/sglang/scripts/run-all-dflash-tune.sh	7892c5e1fd0d6a6cb46820431efc0e5a11210f14a4ed0cb8cce54cebdb9df65a	source-file	workspace-source	import	benchmarks/spark-source/sglang/spark2-ts/scripts/run-all-dflash-tune.sh	7892c5e1fd0d6a6cb46820431efc0e5a11210f14a4ed0cb8cce54cebdb9df65a	identity-copy
spark2-ts	/home/jjlink/inference/sglang/scripts/tune-dflash-extended.sh	f7c32170e22c076e432f7d3dc7444e0a7a6f4d0378ddc790b8b2e6eb8cad1e0c	source-file	workspace-source	import	benchmarks/spark-source/sglang/spark2-ts/scripts/tune-dflash-extended.sh	f7c32170e22c076e432f7d3dc7444e0a7a6f4d0378ddc790b8b2e6eb8cad1e0c	identity-copy
spark2-ts	/home/jjlink/inference/vllm/AxionML-Qwen3.5-9B-NVFP4/docker-compose.yml	79747671b1c3f4603504a928bdec36d32fe7cc7e4bd8578c7f961c84582a6fc1	source-file	workspace-source	merge	serve/vllm/spark/axionml_qwen35_9b_nvfp4/source/variants/spark2-ts/AxionML-Qwen3.5-9B-NVFP4/docker-compose.yml	79747671b1c3f4603504a928bdec36d32fe7cc7e4bd8578c7f961c84582a6fc1	identity-copy
spark2-ts	/home/jjlink/inference/vllm/DeepSeek-V4-Flash-DSpark/docker-compose.yml	8b53cfb62af7308dd119a1b7e9ae74f1c4dc1a9845991620bf4ac7aab7e0d295	source-file	workspace-source	merge	serve/vllm/spark/deepseek_ai_deepseek_v4_flash_dspark/source/variants/spark2-ts/DeepSeek-V4-Flash-DSpark/docker-compose.yml	8b53cfb62af7308dd119a1b7e9ae74f1c4dc1a9845991620bf4ac7aab7e0d295	identity-copy
spark2-ts	/home/jjlink/inference/vllm/DeepSeek-V4-Flash-DSpark/launch.sh	e52d5a4f0fb909b61a65b2b569e7882e52ce5589504bc60c23243d3ec77917c2	source-file	workspace-source	merge	serve/vllm/spark/deepseek_ai_deepseek_v4_flash_dspark/source/variants/spark2-ts/DeepSeek-V4-Flash-DSpark/launch.sh	e52d5a4f0fb909b61a65b2b569e7882e52ce5589504bc60c23243d3ec77917c2	identity-copy
spark2-ts	/home/jjlink/inference/vllm/DeepSeek-V4-Flash-DSpark/rank0-docker-compose.yml	617a39e39218e24b1101742a84fcb99af5cfdc1bad38cc17623e8682a7c5cd64	source-file	workspace-source	merge	serve/cluster/experiments/deepseek-v4-flash-dspark-legacy/source/spark2-ts/rank0-docker-compose.yml	617a39e39218e24b1101742a84fcb99af5cfdc1bad38cc17623e8682a7c5cd64	identity-copy
spark2-ts	/home/jjlink/inference/vllm/DeepSeek-V4-Flash-DSpark/rank1-docker-compose.yml	92e1ae85ba5a8d410c533d38e97b8a85dd1de786f04b652a330ce3e903f1d9b0	source-file	workspace-source	merge	serve/cluster/experiments/deepseek-v4-flash-dspark-legacy/source/spark2-ts/rank1-docker-compose.yml	92e1ae85ba5a8d410c533d38e97b8a85dd1de786f04b652a330ce3e903f1d9b0	identity-copy
spark2-ts	/home/jjlink/inference/vllm/DeepSeek-V4-Flash-DSpark/serve_deepseek_v4_flash_tp2.sh	bee99d93af538d6c9f6f0703b0fc0f100aa3dd620075b94215c60277a2980b9c	source-file	workspace-source	merge	serve/cluster/experiments/deepseek-v4-flash-dspark-legacy/source/spark2-ts/serve_deepseek_v4_flash_tp2.sh	bee99d93af538d6c9f6f0703b0fc0f100aa3dd620075b94215c60277a2980b9c	identity-copy
spark2-ts	/home/jjlink/inference/vllm/DeepSeek-V4-Flash-DSpark/start.sh	7423f8caeea254a85acf37636974820d56f4af7f9540833ac086e68ca2666292	source-file	workspace-source	merge	serve/cluster/experiments/deepseek-v4-flash-dspark-legacy/source/spark2-ts/start.sh	7423f8caeea254a85acf37636974820d56f4af7f9540833ac086e68ca2666292	identity-copy
spark2-ts	/home/jjlink/inference/vllm/DeepSeek-V4-Flash-DSpark/start_rank1.sh	0e7e37c83265a06edb6cb4767a24c9ecc3e7dbb22736279f9d5a6cfc3cd37e14	source-file	workspace-source	merge	serve/cluster/experiments/deepseek-v4-flash-dspark-legacy/source/spark2-ts/start_rank1.sh	0e7e37c83265a06edb6cb4767a24c9ecc3e7dbb22736279f9d5a6cfc3cd37e14	identity-copy
spark2-ts	/home/jjlink/inference/vllm/DeepSeek-V4-Flash-DSpark/stop.sh	d4ce57a4551108e03159147089b654cb8857ecec0b296a02c7313c118a809733	source-file	workspace-source	merge	serve/vllm/spark/deepseek_ai_deepseek_v4_flash_dspark/source/variants/spark2-ts/DeepSeek-V4-Flash-DSpark/stop.sh	d4ce57a4551108e03159147089b654cb8857ecec0b296a02c7313c118a809733	identity-copy
spark2-ts	/home/jjlink/inference/vllm/Gemma-4-12B-NVFP4/docker-compose.yml	ebe06c6adfb389f08ec49f7b3c0372e8ab8039806d8e33e9a6d64b5c59ce216f	source-file	workspace-source	merge	serve/vllm/spark/axionml_gemma4_12b_nvfp4/source/variants/spark2-ts/Gemma-4-12B-NVFP4/docker-compose.yml	ebe06c6adfb389f08ec49f7b3c0372e8ab8039806d8e33e9a6d64b5c59ce216f	identity-copy
spark2-ts	/home/jjlink/inference/vllm/Gemma-4-26B-A4B-NVFP4/docker-compose.yml	9676a2beb63a78a521fc3cf43d9bb6026195ef7715cdf471f19c7511e77420f3	source-file	workspace-source	merge	serve/vllm/spark/nvidia_gemma4_26b_a4b_nvfp4/source/variants/spark2-ts/Gemma-4-26B-A4B-NVFP4/docker-compose.yml	9676a2beb63a78a521fc3cf43d9bb6026195ef7715cdf471f19c7511e77420f3	identity-copy
spark2-ts	/home/jjlink/inference/vllm/Gemma-4-26B-vllm/docker-compose.yml	a0c9bed19b682e1481e192dab069621ed6d5f55874453fd15cd77babb634f7af	source-file	workspace-source	merge	serve/vllm/spark/nvidia_gemma4_26b_a4b_nvfp4/source/variants/spark2-ts/Gemma-4-26B-vllm/docker-compose.yml	a0c9bed19b682e1481e192dab069621ed6d5f55874453fd15cd77babb634f7af	identity-copy
spark2-ts	/home/jjlink/inference/vllm/diffusiongemma-26B-A4B-it-NVFP4/docker-compose.yml	02ede314cb2db7cea0d51b317a35669742509bf7892ab8007c76ef7b0027a17c	source-file	workspace-source	merge	serve/vllm/spark/nvidia_diffusiongemma_26b_a4b_it_nvfp4/source/variants/spark2-ts/diffusiongemma-26B-A4B-it-NVFP4/docker-compose.yml	02ede314cb2db7cea0d51b317a35669742509bf7892ab8007c76ef7b0027a17c	identity-copy
spark3-ts	/home/jjlink/inference/mimo-v25-recipe/apply-mods.sh	d717dd48c8c9e6e576e93c504bec141da1815201436511130121f673fb4fd7ac	source-file	workspace-source	merge	serve/cluster/experiments/mimo-v25/source/spark3-ts/mimo-v25-recipe/apply-mods.sh	d717dd48c8c9e6e576e93c504bec141da1815201436511130121f673fb4fd7ac	identity-copy
spark3-ts	/home/jjlink/inference/mimo-v25-recipe/env.sh	fce10ecb732ec53126d0dd08e92c6f63ab3c20926ff4169a41b26fd40ef34652	source-file	workspace-source	merge	serve/cluster/experiments/mimo-v25/source/spark3-ts/mimo-v25-recipe/env.sh	fce10ecb732ec53126d0dd08e92c6f63ab3c20926ff4169a41b26fd40ef34652	identity-copy
spark3-ts	/home/jjlink/inference/mimo-v25-recipe/launch-spark.sh	e104570a76f0a8c338e3a51adbe542ad2e90cf347c9b94a27464c810ec5c8137	source-file	workspace-source	merge	serve/cluster/experiments/mimo-v25/source/spark3-ts/mimo-v25-recipe/launch-spark.sh	e104570a76f0a8c338e3a51adbe542ad2e90cf347c9b94a27464c810ec5c8137	identity-copy
spark3-ts	/home/jjlink/inference/mimo-v25-recipe/launch.sh	d68ecc58d638b2b33c60838bca342a8b5d620ac5751002b6c99dc11d5e7e6072	source-file	workspace-source	merge	serve/cluster/experiments/mimo-v25/source/spark3-ts/mimo-v25-recipe/launch.sh	d68ecc58d638b2b33c60838bca342a8b5d620ac5751002b6c99dc11d5e7e6072	identity-copy
spark3-ts	/home/jjlink/inference/mimo-v25-recipe/mods/drop-caches/run.sh	71ad6cfd42bacede4d27ef715d9e07fa7ff7a191389ee3dd6eefbf142bbe655d	source-file	workspace-source	merge	serve/cluster/experiments/mimo-v25/source/spark3-ts/mimo-v25-recipe/mods/drop-caches/run.sh	71ad6cfd42bacede4d27ef715d9e07fa7ff7a191389ee3dd6eefbf142bbe655d	identity-copy
spark3-ts	/home/jjlink/inference/mimo-v25-recipe/mods/fix-mimo-v2-vllm/run.sh	cd5a91c36de18517aeca5c047c1ba06be4f51f6d4c6bb8d3da023c6e62a38900	source-file	workspace-source	merge	serve/cluster/experiments/mimo-v25/source/spark3-ts/mimo-v25-recipe/mods/fix-mimo-v2-vllm/run.sh	cd5a91c36de18517aeca5c047c1ba06be4f51f6d4c6bb8d3da023c6e62a38900	identity-copy
spark3-ts	/home/jjlink/inference/mimo-v25-recipe/mods/fix-modelopt-mixed-mxfp8/run.sh	358893ea6b54d01f2cc7746028457d357c7986acfea42e5cdf8d5a13d82537da	source-file	workspace-source	merge	serve/cluster/experiments/mimo-v25/source/spark3-ts/mimo-v25-recipe/mods/fix-modelopt-mixed-mxfp8/run.sh	358893ea6b54d01f2cc7746028457d357c7986acfea42e5cdf8d5a13d82537da	identity-copy
spark3-ts	/home/jjlink/inference/mimo-v25-recipe/mods/fix-prometheus-instrumentator-router/run.sh	f0ea67f21f5202645edb42ad5bbcedd28b4e0d7c6bcac9317bf1f188fd27a5b9	source-file	workspace-source	merge	serve/cluster/experiments/mimo-v25/source/spark3-ts/mimo-v25-recipe/mods/fix-prometheus-instrumentator-router/run.sh	f0ea67f21f5202645edb42ad5bbcedd28b4e0d7c6bcac9317bf1f188fd27a5b9	identity-copy
spark3-ts	/home/jjlink/inference/mimo-v25-recipe/mods/nvfp4-kv-diffkv/experiments/README.md	3bf8d1ddf8d403a5e8d2f6fac793356c87569a28d511a4337466002982550aca	source-file	workspace-source	merge	serve/cluster/experiments/mimo-v25/source/spark3-ts/mimo-v25-recipe/mods/nvfp4-kv-diffkv/experiments/README.md	3bf8d1ddf8d403a5e8d2f6fac793356c87569a28d511a4337466002982550aca	identity-copy
spark3-ts	/home/jjlink/inference/mimo-v25-recipe/mods/nvfp4-kv-diffkv/experiments/bs128-wmma.patch	eb4a88f54b31ef7da9800a95b5e0b8f2568125eef8acc6193e8f235ebc2aa7e1	source-file	workspace-source	merge	serve/cluster/experiments/mimo-v25/source/spark3-ts/mimo-v25-recipe/mods/nvfp4-kv-diffkv/experiments/bs128-wmma.patch	eb4a88f54b31ef7da9800a95b5e0b8f2568125eef8acc6193e8f235ebc2aa7e1	identity-copy
spark3-ts	/home/jjlink/inference/mimo-v25-recipe/mods/nvfp4-kv-diffkv/experiments/bs128_wmma_harness.py	cb5d83b346e1b1464c5fbcd1afe464b292f22b86c65b31fb508261005b3619dd	source-file	workspace-source	merge	serve/cluster/experiments/mimo-v25/source/spark3-ts/mimo-v25-recipe/mods/nvfp4-kv-diffkv/experiments/bs128_wmma_harness.py	cb5d83b346e1b1464c5fbcd1afe464b292f22b86c65b31fb508261005b3619dd	identity-copy
spark3-ts	/home/jjlink/inference/mimo-v25-recipe/mods/nvfp4-kv-diffkv/experiments/swa_sink_reference_harness.py	a7e1423497ad4cc09a70a3215ad5c3cbfc47f9b5d52388b7dfc66231a6c070f8	source-file	workspace-source	merge	serve/cluster/experiments/mimo-v25/source/spark3-ts/mimo-v25-recipe/mods/nvfp4-kv-diffkv/experiments/swa_sink_reference_harness.py	a7e1423497ad4cc09a70a3215ad5c3cbfc47f9b5d52388b7dfc66231a6c070f8	identity-copy
spark3-ts	/home/jjlink/inference/mimo-v25-recipe/mods/nvfp4-kv-diffkv/experiments/swa_sink_wmma_harness.py	9caea945e6fdfffe760ba048e53a96098620ab0c654cedf15a9409a8c7db158b	source-file	workspace-source	merge	serve/cluster/experiments/mimo-v25/source/spark3-ts/mimo-v25-recipe/mods/nvfp4-kv-diffkv/experiments/swa_sink_wmma_harness.py	9caea945e6fdfffe760ba048e53a96098620ab0c654cedf15a9409a8c7db158b	identity-copy
spark3-ts	/home/jjlink/inference/mimo-v25-recipe/mods/nvfp4-kv-diffkv/run.sh	3a04d3a89d0860783dd227f54be27fffb840202f158968324f3456f92056651e	source-file	workspace-source	merge	serve/cluster/experiments/mimo-v25/source/spark3-ts/mimo-v25-recipe/mods/nvfp4-kv-diffkv/run.sh	3a04d3a89d0860783dd227f54be27fffb840202f158968324f3456f92056651e	identity-copy
spark3-ts	/home/jjlink/inference/mimo-v25-recipe/mods/nvfp4-kv-diffkv/triton_attn_diffkv.py	79ce3ff5f1993f27b55f468fa983da229edd7b0bc32dc4ffc48f60308016b76b	source-file	workspace-source	merge	serve/cluster/experiments/mimo-v25/source/spark3-ts/mimo-v25-recipe/mods/nvfp4-kv-diffkv/triton_attn_diffkv.py	79ce3ff5f1993f27b55f468fa983da229edd7b0bc32dc4ffc48f60308016b76b	identity-copy
spark3-ts	/home/jjlink/inference/mimo-v25-recipe/mods/nvfp4-kv-diffkv/triton_unified_attention_diffkv.py	c696cbcee34aeca496afc56f3e5e665f948c68cb8107879cfbe70419fcf93d01	source-file	workspace-source	merge	serve/cluster/experiments/mimo-v25/source/spark3-ts/mimo-v25-recipe/mods/nvfp4-kv-diffkv/triton_unified_attention_diffkv.py	c696cbcee34aeca496afc56f3e5e665f948c68cb8107879cfbe70419fcf93d01	identity-copy
spark3-ts	/home/jjlink/inference/mimo-v25-recipe/mods/nvfp4-kv-diffkv/wmma_decode.py	eabd1fcaa585b5f051b7793acdb28d2e9acfe8f342668c57525b382e353f9cfd	source-file	workspace-source	merge	serve/cluster/experiments/mimo-v25/source/spark3-ts/mimo-v25-recipe/mods/nvfp4-kv-diffkv/wmma_decode.py	eabd1fcaa585b5f051b7793acdb28d2e9acfe8f342668c57525b382e353f9cfd	identity-copy
spark3-ts	/home/jjlink/inference/mimo-v25-recipe/mods/ray-keep-node-nccl-hca/run.sh	a71f29401b775313807d757defc25406ff2e59264dbb8322bcdf05f5936a9e6d	source-file	workspace-source	merge	serve/cluster/experiments/mimo-v25/source/spark3-ts/mimo-v25-recipe/mods/ray-keep-node-nccl-hca/run.sh	a71f29401b775313807d757defc25406ff2e59264dbb8322bcdf05f5936a9e6d	identity-copy
spark3-ts	/home/jjlink/inference/mimo-v25-recipe/run-container-spark.sh	376108bc15aa3b60680a3faa4e52faa7f331e99ddaf630db47f8932a1d4fddc4	source-file	workspace-source	merge	serve/cluster/experiments/mimo-v25/source/spark3-ts/mimo-v25-recipe/run-container-spark.sh	376108bc15aa3b60680a3faa4e52faa7f331e99ddaf630db47f8932a1d4fddc4	identity-copy
spark3-ts	/home/jjlink/inference/mimo-v25-recipe/run-container.sh	4e88cda4f17c8302736c2e825c77fb7a7a1ec7628ceddb9f2cece40935bd0239	source-file	workspace-source	merge	serve/cluster/experiments/mimo-v25/source/spark3-ts/mimo-v25-recipe/run-container.sh	4e88cda4f17c8302736c2e825c77fb7a7a1ec7628ceddb9f2cece40935bd0239	identity-copy
spark3-ts	/home/jjlink/inference/mimo-v25-recipe/run-head.sh	297da06d7ba48c352cb507d70d3f29f50fb1b357e40fe2c2122fab36b1292a34	source-file	workspace-source	merge	serve/cluster/experiments/mimo-v25/source/spark3-ts/mimo-v25-recipe/run-head.sh	297da06d7ba48c352cb507d70d3f29f50fb1b357e40fe2c2122fab36b1292a34	identity-copy
spark3-ts	/home/jjlink/inference/mimo-v25-recipe/run-worker.sh	d636ac1dff7f19489912f0600323a3ca75f57540a37eeb8fe67cc0a405d4b94b	source-file	workspace-source	merge	serve/cluster/experiments/mimo-v25/source/spark3-ts/mimo-v25-recipe/run-worker.sh	d636ac1dff7f19489912f0600323a3ca75f57540a37eeb8fe67cc0a405d4b94b	identity-copy
spark3-ts	/home/jjlink/inference/qwen36-27b-nvfp4-spark/README.md	589d27ca57099c1b85a43730bd8cc4dfede8e7d5c1e4fcc5272797a28ae94fc5	source-file	workspace-source	merge	serve/cluster/experiments/qwen36-27b-nvfp4-spark/source/spark3-ts/qwen36-27b-nvfp4-spark/README.md	589d27ca57099c1b85a43730bd8cc4dfede8e7d5c1e4fcc5272797a28ae94fc5	identity-copy
spark3-ts	/home/jjlink/inference/qwen36-27b-nvfp4-spark/VERIFY-CANDIDATE-A-RAY.md	aabd2dbbae1f6f1cec8ebfb0744a628cb7d688e0be935a3fb2d1d6f7982030b5	source-file	workspace-source	merge	serve/cluster/experiments/qwen36-27b-nvfp4-spark/source/spark3-ts/qwen36-27b-nvfp4-spark/VERIFY-CANDIDATE-A-RAY.md	aabd2dbbae1f6f1cec8ebfb0744a628cb7d688e0be935a3fb2d1d6f7982030b5	identity-copy
spark3-ts	/home/jjlink/inference/qwen36-27b-nvfp4-spark/VERIFY-CANDIDATE-B-MP.md	126d92d6d8ef1e5bb2cf4a2880d72973e343db3edfc81c2b5a6c5bbba2c079fb	source-file	workspace-source	merge	serve/cluster/experiments/qwen36-27b-nvfp4-spark/source/spark3-ts/qwen36-27b-nvfp4-spark/VERIFY-CANDIDATE-B-MP.md	126d92d6d8ef1e5bb2cf4a2880d72973e343db3edfc81c2b5a6c5bbba2c079fb	identity-copy
spark3-ts	/home/jjlink/inference/qwen36-27b-nvfp4-spark/VERIFY-FINAL.md	f78c1d51b523ab178550c65444e3ec28221d5c1093e55c7766c38b479ea53dd4	source-file	workspace-source	merge	serve/cluster/experiments/qwen36-27b-nvfp4-spark/source/spark3-ts/qwen36-27b-nvfp4-spark/VERIFY-FINAL.md	f78c1d51b523ab178550c65444e3ec28221d5c1093e55c7766c38b479ea53dd4	identity-copy
spark3-ts	/home/jjlink/inference/qwen36-27b-nvfp4-spark/env.sh	3f964ad6bf892488b819bc287bf7d92355fb741c3083beca2fd598f759e6b483	source-file	workspace-source	merge	serve/cluster/experiments/qwen36-27b-nvfp4-spark/source/spark3-ts/qwen36-27b-nvfp4-spark/env.sh	3f964ad6bf892488b819bc287bf7d92355fb741c3083beca2fd598f759e6b483	identity-copy
spark3-ts	/home/jjlink/inference/qwen36-27b-nvfp4-spark/gpu-sample.tsv	eeb1bccb46774da9995f2dd00c24ca96eb6733abd4bc516e91b3f4d9c1e1647b	generated-file	generated	generated-ignore	-	-	generated-result
spark3-ts	/home/jjlink/inference/qwen36-27b-nvfp4-spark/logs.sh	1fe3467c2bfb262b73601da7aba3b5176ff4b1f8cef8010f4807f4117dae944d	source-file	workspace-source	merge	serve/cluster/experiments/qwen36-27b-nvfp4-spark/source/spark3-ts/qwen36-27b-nvfp4-spark/logs.sh	1fe3467c2bfb262b73601da7aba3b5176ff4b1f8cef8010f4807f4117dae944d	identity-copy
spark3-ts	/home/jjlink/inference/qwen36-27b-nvfp4-spark/long.json	807e52762d95063c226d10290cb6cf1391582ec4175962d0810864a47abe4ca8	generated-file	generated	generated-ignore	-	-	generated-file
spark3-ts	/home/jjlink/inference/qwen36-27b-nvfp4-spark/models.json	dd52acbd7ab1de35eb5d88bb5f50de4f010debd94b5cdf86b5a4fcfba9fdcf5d	generated-file	generated	generated-ignore	-	-	generated-file
spark3-ts	/home/jjlink/inference/qwen36-27b-nvfp4-spark/short.json	f4f520285dfec2c93a21f4bd02e43ef032845b6ca2f029aa9bb5d686a167adef	generated-file	generated	generated-ignore	-	-	generated-file
spark3-ts	/home/jjlink/inference/qwen36-27b-nvfp4-spark/start-node.sh	84a32572d0bb8da4452c183775f5ab7909d8f9cbc69eb0ae47c90031f3309749	source-file	workspace-source	merge	serve/cluster/experiments/qwen36-27b-nvfp4-spark/source/spark3-ts/qwen36-27b-nvfp4-spark/start-node.sh	84a32572d0bb8da4452c183775f5ab7909d8f9cbc69eb0ae47c90031f3309749	identity-copy
spark3-ts	/home/jjlink/inference/qwen36-27b-nvfp4-spark/start.sh	928a4b192596d14aba59df88d63fd7bdb243a33d021f07747cf9443083253f91	source-file	workspace-source	merge	serve/cluster/experiments/qwen36-27b-nvfp4-spark/source/spark3-ts/qwen36-27b-nvfp4-spark/start.sh	928a4b192596d14aba59df88d63fd7bdb243a33d021f07747cf9443083253f91	identity-copy
spark3-ts	/home/jjlink/inference/qwen36-27b-nvfp4-spark/status.sh	84174ea021b9849f71ffa47fbed347b284e30b5acafc28d500f6dba64338be2d	source-file	workspace-source	merge	serve/cluster/experiments/qwen36-27b-nvfp4-spark/source/spark3-ts/qwen36-27b-nvfp4-spark/status.sh	84174ea021b9849f71ffa47fbed347b284e30b5acafc28d500f6dba64338be2d	identity-copy
spark3-ts	/home/jjlink/inference/qwen36-27b-nvfp4-spark/stop.sh	e49ba56738d18f2ccac9ade9ef399c9ccc719ad7a368fb5959f5cd1af3786020	source-file	workspace-source	merge	serve/cluster/experiments/qwen36-27b-nvfp4-spark/source/spark3-ts/qwen36-27b-nvfp4-spark/stop.sh	e49ba56738d18f2ccac9ade9ef399c9ccc719ad7a368fb5959f5cd1af3786020	identity-copy
spark3-ts	/home/jjlink/inference/qwen36-27b-nvfp4-spark/verify-output	-	excluded-root	generated-ignore	generated-ignore	-	-	excluded-root
spark3-ts	/home/jjlink/inference/qwen36-27b-nvfp4-spark/verify.sh	7f0121c91acabbff48b6bebd347362e6cb4880c48f918c8c568b3587aa12dfe1	source-file	workspace-source	merge	serve/cluster/experiments/qwen36-27b-nvfp4-spark/source/spark3-ts/qwen36-27b-nvfp4-spark/verify.sh	7f0121c91acabbff48b6bebd347362e6cb4880c48f918c8c568b3587aa12dfe1	identity-copy
spark3-ts	/home/jjlink/inference/qwen36-27b-ray-recipe/apply-mods.sh	5630fea5979ce2f3c37da0a9696140ad837edfde9d04e5331fbda01aad4ed83f	source-file	workspace-source	merge	serve/cluster/experiments/qwen36-27b-ray/source/spark3-ts/qwen36-27b-ray-recipe/apply-mods.sh	5630fea5979ce2f3c37da0a9696140ad837edfde9d04e5331fbda01aad4ed83f	identity-copy
spark3-ts	/home/jjlink/inference/qwen36-27b-ray-recipe/launch-spark.sh	337609ca865ed962939e7ec7976bf957517dd40744af81ce7b24042e5ef023ac	source-file	workspace-source	merge	serve/cluster/experiments/qwen36-27b-ray/source/spark3-ts/qwen36-27b-ray-recipe/launch-spark.sh	337609ca865ed962939e7ec7976bf957517dd40744af81ce7b24042e5ef023ac	identity-copy
spark3-ts	/home/jjlink/inference/qwen36-27b-ray-recipe/mods/drop-caches/run.sh	71ad6cfd42bacede4d27ef715d9e07fa7ff7a191389ee3dd6eefbf142bbe655d	source-file	workspace-source	merge	serve/cluster/experiments/qwen36-27b-ray/source/spark3-ts/qwen36-27b-ray-recipe/mods/drop-caches/run.sh	71ad6cfd42bacede4d27ef715d9e07fa7ff7a191389ee3dd6eefbf142bbe655d	identity-copy
spark3-ts	/home/jjlink/inference/qwen36-27b-ray-recipe/mods/fix-modelopt-mixed-mxfp8/run.sh	358893ea6b54d01f2cc7746028457d357c7986acfea42e5cdf8d5a13d82537da	source-file	workspace-source	merge	serve/cluster/experiments/qwen36-27b-ray/source/spark3-ts/qwen36-27b-ray-recipe/mods/fix-modelopt-mixed-mxfp8/run.sh	358893ea6b54d01f2cc7746028457d357c7986acfea42e5cdf8d5a13d82537da	identity-copy
spark3-ts	/home/jjlink/inference/qwen36-27b-ray-recipe/mods/fix-prometheus-instrumentator-router/run.sh	f0ea67f21f5202645edb42ad5bbcedd28b4e0d7c6bcac9317bf1f188fd27a5b9	source-file	workspace-source	merge	serve/cluster/experiments/qwen36-27b-ray/source/spark3-ts/qwen36-27b-ray-recipe/mods/fix-prometheus-instrumentator-router/run.sh	f0ea67f21f5202645edb42ad5bbcedd28b4e0d7c6bcac9317bf1f188fd27a5b9	identity-copy
spark3-ts	/home/jjlink/inference/qwen36-27b-ray-recipe/mods/ray-keep-node-nccl-hca/run.sh	a71f29401b775313807d757defc25406ff2e59264dbb8322bcdf05f5936a9e6d	source-file	workspace-source	merge	serve/cluster/experiments/qwen36-27b-ray/source/spark3-ts/qwen36-27b-ray-recipe/mods/ray-keep-node-nccl-hca/run.sh	a71f29401b775313807d757defc25406ff2e59264dbb8322bcdf05f5936a9e6d	identity-copy
spark3-ts	/home/jjlink/inference/qwen36-27b-ray-recipe/start.sh	f50008937d39e6711188b491334be07a9bad58e38f30de6294e4112dbc0f1cfa	source-file	workspace-source	merge	serve/cluster/experiments/qwen36-27b-ray/source/spark3-ts/qwen36-27b-ray-recipe/start.sh	f50008937d39e6711188b491334be07a9bad58e38f30de6294e4112dbc0f1cfa	identity-copy
spark3-ts	/home/jjlink/inference/qwen36-27b-unsloth-nvfp4-sglang-dflash/DFLASH-INCOMPATIBILITY.md	5611287549ee87b78dfe365c0f5fe29b42cc011f38ab5ac277c2b297f0c7c695	source-file	workspace-source	merge	serve/cluster/sglang/unsloth_qwen36_27b_nvfp4_dflash_tp2/source/spark3-ts/DFLASH-INCOMPATIBILITY.md	5611287549ee87b78dfe365c0f5fe29b42cc011f38ab5ac277c2b297f0c7c695	identity-copy
spark3-ts	/home/jjlink/inference/qwen36-27b-unsloth-nvfp4-sglang-dflash/README.md	1baeb10e856a6c2454f7e2b2a07951c075d1d8854672b2e54a2d7baa28752699	source-file	workspace-source	merge	serve/cluster/sglang/unsloth_qwen36_27b_nvfp4_dflash_tp2/source/spark3-ts/README.md	1baeb10e856a6c2454f7e2b2a07951c075d1d8854672b2e54a2d7baa28752699	identity-copy
spark3-ts	/home/jjlink/inference/qwen36-27b-unsloth-nvfp4-sglang-dflash/env.sh	6a27bf1e362296379af5d73e7dc4df51f8f05ac20b736654895b15a7d722133d	source-file	workspace-source	merge	serve/cluster/sglang/unsloth_qwen36_27b_nvfp4_dflash_tp2/source/spark3-ts/env.sh	6a27bf1e362296379af5d73e7dc4df51f8f05ac20b736654895b15a7d722133d	identity-copy
spark3-ts	/home/jjlink/inference/qwen36-27b-unsloth-nvfp4-sglang-dflash/logs.sh	7243a015add0616205f959a0be3b650550f3149e790a6b7cf0435e073b7b1e49	source-file	workspace-source	merge	serve/cluster/sglang/unsloth_qwen36_27b_nvfp4_dflash_tp2/source/spark3-ts/logs.sh	7243a015add0616205f959a0be3b650550f3149e790a6b7cf0435e073b7b1e49	identity-copy
spark3-ts	/home/jjlink/inference/qwen36-27b-unsloth-nvfp4-sglang-dflash/start-dflash.sh	0afc464b0accefcbba5cffc397ee92b4923b22aa23d5ebb09394d0c70d0c41bf	source-file	workspace-source	merge	serve/cluster/sglang/unsloth_qwen36_27b_nvfp4_dflash_tp2/source/spark3-ts/start-dflash.sh	0afc464b0accefcbba5cffc397ee92b4923b22aa23d5ebb09394d0c70d0c41bf	identity-copy
spark3-ts	/home/jjlink/inference/qwen36-27b-unsloth-nvfp4-sglang-dflash/start-node.sh	31fd2b84352e03c85ebf32ab471b184e4997cf9d3f2339905da175376d122109	source-file	workspace-source	merge	serve/cluster/sglang/unsloth_qwen36_27b_nvfp4_dflash_tp2/source/spark3-ts/start-node.sh	31fd2b84352e03c85ebf32ab471b184e4997cf9d3f2339905da175376d122109	identity-copy
spark3-ts	/home/jjlink/inference/qwen36-27b-unsloth-nvfp4-sglang-dflash/start.sh	36fdec3286d8bf763e3873f2ae86495a4c9accbe2c8d2f3ca10b27fcf5320bac	source-file	workspace-source	merge	serve/cluster/sglang/unsloth_qwen36_27b_nvfp4_dflash_tp2/source/spark3-ts/start.sh	36fdec3286d8bf763e3873f2ae86495a4c9accbe2c8d2f3ca10b27fcf5320bac	identity-copy
spark3-ts	/home/jjlink/inference/qwen36-27b-unsloth-nvfp4-sglang-dflash/status.sh	985729c94b2f27b9b6a9d2c5e0351f735d202c1e36e2c7074ef0a88d26c2e3ef	source-file	workspace-source	merge	serve/cluster/sglang/unsloth_qwen36_27b_nvfp4_dflash_tp2/source/spark3-ts/status.sh	985729c94b2f27b9b6a9d2c5e0351f735d202c1e36e2c7074ef0a88d26c2e3ef	identity-copy
spark3-ts	/home/jjlink/inference/qwen36-27b-unsloth-nvfp4-sglang-dflash/stop.sh	7ef413a0c8225de68e28c833189edc0a047d666e6fa139d671681ef8c608636b	source-file	workspace-source	merge	serve/cluster/sglang/unsloth_qwen36_27b_nvfp4_dflash_tp2/source/spark3-ts/stop.sh	7ef413a0c8225de68e28c833189edc0a047d666e6fa139d671681ef8c608636b	identity-copy
spark3-ts	/home/jjlink/inference/qwen36-27b-unsloth-nvfp4-sglang-dflash/verify-20260706-193503	-	excluded-root	generated-ignore	generated-ignore	-	-	excluded-root
spark3-ts	/home/jjlink/inference/qwen36-27b-unsloth-nvfp4-sglang-dflash/verify-20260706-195010	-	excluded-root	generated-ignore	generated-ignore	-	-	excluded-root
spark3-ts	/home/jjlink/inference/qwen36-27b-unsloth-nvfp4-sglang-dflash/verify-20260706-200404	-	excluded-root	generated-ignore	generated-ignore	-	-	excluded-root
spark3-ts	/home/jjlink/inference/qwen36-27b-unsloth-nvfp4-sglang-dflash/verify.sh	1fe05b4134196ab839deb9901a4c2cfddfdb49c656da8abc2958ca9c52f12d67	source-file	workspace-source	merge	serve/cluster/sglang/unsloth_qwen36_27b_nvfp4_dflash_tp2/source/spark3-ts/verify.sh	1fe05b4134196ab839deb9901a4c2cfddfdb49c656da8abc2958ca9c52f12d67	identity-copy
spark3-ts	/home/jjlink/inference/qwen36-vllm-rank-recipe/README.md	cf8ea882c02afc31657d4f3bfc62c42ec3c45fc5572e7663e4ab169343c5c1db	source-file	workspace-source	merge	serve/cluster/experiments/qwen36-vllm-rank-recipe/source/spark3-ts/qwen36-vllm-rank-recipe/README.md	cf8ea882c02afc31657d4f3bfc62c42ec3c45fc5572e7663e4ab169343c5c1db	identity-copy
spark3-ts	/home/jjlink/inference/qwen36-vllm-rank-recipe/VERIFY-CANDIDATE-B-MP.md	126d92d6d8ef1e5bb2cf4a2880d72973e343db3edfc81c2b5a6c5bbba2c079fb	source-file	workspace-source	merge	serve/cluster/experiments/qwen36-vllm-rank-recipe/source/spark3-ts/qwen36-vllm-rank-recipe/VERIFY-CANDIDATE-B-MP.md	126d92d6d8ef1e5bb2cf4a2880d72973e343db3edfc81c2b5a6c5bbba2c079fb	identity-copy
spark3-ts	/home/jjlink/inference/qwen36-vllm-rank-recipe/env.sh	949b063f8bc32bf7746bbd065b0f661a90b7c52f2a5e744e69352c1acb879672	source-file	workspace-source	merge	serve/cluster/experiments/qwen36-vllm-rank-recipe/source/spark3-ts/qwen36-vllm-rank-recipe/env.sh	949b063f8bc32bf7746bbd065b0f661a90b7c52f2a5e744e69352c1acb879672	identity-copy
spark3-ts	/home/jjlink/inference/qwen36-vllm-rank-recipe/logs.sh	1fe3467c2bfb262b73601da7aba3b5176ff4b1f8cef8010f4807f4117dae944d	source-file	workspace-source	merge	serve/cluster/experiments/qwen36-vllm-rank-recipe/source/spark3-ts/qwen36-vllm-rank-recipe/logs.sh	1fe3467c2bfb262b73601da7aba3b5176ff4b1f8cef8010f4807f4117dae944d	identity-copy
spark3-ts	/home/jjlink/inference/qwen36-vllm-rank-recipe/long.json	e3b0c44298fc1c149afbf4c8996fb92427ae41e4649b934ca495991b7852b855	generated-file	generated	generated-ignore	-	-	generated-file
spark3-ts	/home/jjlink/inference/qwen36-vllm-rank-recipe/models.json	87a3e24e19afde4f2a7b283a81a28086475c933f955e401c7cb1e33358c31ab8	generated-file	generated	generated-ignore	-	-	generated-file
spark3-ts	/home/jjlink/inference/qwen36-vllm-rank-recipe/short.json	28999cced321dbc49c7d68abdbf67f3ea5a8eab3be78a180196299eca61e441b	generated-file	generated	generated-ignore	-	-	generated-file
spark3-ts	/home/jjlink/inference/qwen36-vllm-rank-recipe/start-node.sh	84a32572d0bb8da4452c183775f5ab7909d8f9cbc69eb0ae47c90031f3309749	source-file	workspace-source	merge	serve/cluster/experiments/qwen36-vllm-rank-recipe/source/spark3-ts/qwen36-vllm-rank-recipe/start-node.sh	84a32572d0bb8da4452c183775f5ab7909d8f9cbc69eb0ae47c90031f3309749	identity-copy
spark3-ts	/home/jjlink/inference/qwen36-vllm-rank-recipe/start.sh	928a4b192596d14aba59df88d63fd7bdb243a33d021f07747cf9443083253f91	source-file	workspace-source	merge	serve/cluster/experiments/qwen36-vllm-rank-recipe/source/spark3-ts/qwen36-vllm-rank-recipe/start.sh	928a4b192596d14aba59df88d63fd7bdb243a33d021f07747cf9443083253f91	identity-copy
spark3-ts	/home/jjlink/inference/qwen36-vllm-rank-recipe/status.sh	84174ea021b9849f71ffa47fbed347b284e30b5acafc28d500f6dba64338be2d	source-file	workspace-source	merge	serve/cluster/experiments/qwen36-vllm-rank-recipe/source/spark3-ts/qwen36-vllm-rank-recipe/status.sh	84174ea021b9849f71ffa47fbed347b284e30b5acafc28d500f6dba64338be2d	identity-copy
spark3-ts	/home/jjlink/inference/qwen36-vllm-rank-recipe/stop.sh	e49ba56738d18f2ccac9ade9ef399c9ccc719ad7a368fb5959f5cd1af3786020	source-file	workspace-source	merge	serve/cluster/experiments/qwen36-vllm-rank-recipe/source/spark3-ts/qwen36-vllm-rank-recipe/stop.sh	e49ba56738d18f2ccac9ade9ef399c9ccc719ad7a368fb5959f5cd1af3786020	identity-copy
spark3-ts	/home/jjlink/inference/qwen36-vllm-rank-recipe/verify.sh	7f0121c91acabbff48b6bebd347362e6cb4880c48f918c8c568b3587aa12dfe1	source-file	workspace-source	merge	serve/cluster/experiments/qwen36-vllm-rank-recipe/source/spark3-ts/qwen36-vllm-rank-recipe/verify.sh	7f0121c91acabbff48b6bebd347362e6cb4880c48f918c8c568b3587aa12dfe1	identity-copy
spark3-ts	/home/jjlink/inference/serve/cluster/hy3-nvfp4-mtp/Dockerfile	4c5c417c9ef63e144c635fe4ad27d7c3300f7a01d6a8580b862198d23b273eda	source-file	workspace-source	wsl-wins	serve/cluster/experiments/hy3-nvfp4-mtp/source/common/Dockerfile	7a66d404c089759cf45ce38757909893baa1d39e37cb87717a7e15f3827c706f	confirmed-wsl-hy3-dockerfile
spark3-ts	/home/jjlink/inference/sglang/Ornith-1.0-35B-NVFP4/docker-compose.yml	2cc7d24a489b6ea9bd7db045cbae13efb37e052daab37025eebfceacc6923956	source-file	workspace-source	merge	serve/sglang/spark/sakamakismile_ornith_1_0_35b_nvfp4/source/variants/spark3-ts/Ornith-1.0-35B-NVFP4/docker-compose.yml	2cc7d24a489b6ea9bd7db045cbae13efb37e052daab37025eebfceacc6923956	identity-copy
spark3-ts	/home/jjlink/inference/sglang/Qwen3.6-27B-NVFP4-DFlash/docker-compose.yml	45840d1d11ef4ba0ff7a32ae06bfa7e1e8eef7d0dc74041a2390558cb52c34dc	source-file	workspace-source	merge	serve/sglang/spark/unsloth_qwen36_27b_nvfp4_dflash/source/variants/spark3-ts/Qwen3.6-27B-NVFP4-DFlash/docker-compose.yml	45840d1d11ef4ba0ff7a32ae06bfa7e1e8eef7d0dc74041a2390558cb52c34dc	identity-copy
spark3-ts	/home/jjlink/inference/sglang/Qwen3.6-35B-A3B-NVFP4/docker-compose.yml	18645fb391d73e1e80ee6831347de10866f235f33f0e590e0ad74de83f66c4a4	source-file	workspace-source	merge	serve/sglang/spark/nvidia_qwen36_35b_a3b_nvfp4/source/variants/spark3-ts/Qwen3.6-35B-A3B-NVFP4/docker-compose.yml	18645fb391d73e1e80ee6831347de10866f235f33f0e590e0ad74de83f66c4a4	identity-copy
spark3-ts	/home/jjlink/inference/sglang/qwen36_nvfp4_tp2/launch_tp2.sh	f4b86312659a1f8476116082c7718a7fd92efee30224b3b934410f9572ebf121	source-file	workspace-source	merge	serve/cluster/experiments/sglang-qwen36_nvfp4_tp2/source/spark3-ts/launch_tp2.sh	f4b86312659a1f8476116082c7718a7fd92efee30224b3b934410f9572ebf121	identity-copy
spark3-ts	/home/jjlink/inference/sglang/qwen36_nvfp4_tp2/rank0-docker-compose.yml	4008f84919fd6f4b8982c00671a8e7d7d9669ff75cef15a48bbf1f6c5fb94751	source-file	workspace-source	merge	serve/cluster/experiments/sglang-qwen36_nvfp4_tp2/source/spark3-ts/rank0-docker-compose.yml	4008f84919fd6f4b8982c00671a8e7d7d9669ff75cef15a48bbf1f6c5fb94751	identity-copy
spark3-ts	/home/jjlink/inference/sglang/qwen36_nvfp4_tp2/rank1-docker-compose.yml	05579778481265aefa16c84cbf17b0e49f25843de6035899f6a35c44408b0ef1	source-file	workspace-source	merge	serve/cluster/experiments/sglang-qwen36_nvfp4_tp2/source/spark3-ts/rank1-docker-compose.yml	05579778481265aefa16c84cbf17b0e49f25843de6035899f6a35c44408b0ef1	identity-copy
spark3-ts	/home/jjlink/inference/sglang/qwen36_nvfp4_tp2/start.sh	f2f4e019650d3e0cbbcc769d67599a06a06e45ece8cb07385145051f59c633cf	source-file	workspace-source	merge	serve/cluster/experiments/sglang-qwen36_nvfp4_tp2/source/spark3-ts/start.sh	f2f4e019650d3e0cbbcc769d67599a06a06e45ece8cb07385145051f59c633cf	identity-copy
spark3-ts	/home/jjlink/inference/sglang/qwen36_nvfp4_tp2/start_rank1.sh	0cc1bf02d781a470ccbb7f75b358873095254f54ea392f0783e4c41f3beb6400	source-file	workspace-source	merge	serve/cluster/experiments/sglang-qwen36_nvfp4_tp2/source/spark3-ts/start_rank1.sh	0cc1bf02d781a470ccbb7f75b358873095254f54ea392f0783e4c41f3beb6400	identity-copy
spark3-ts	/home/jjlink/inference/vllm/AEON-Qwen3.6-27B-NVFP4/docker-compose.yml	7f98ff61142184b68f9fcd132c7577b49e3b03b36572cc53b32e32285bd27b93	source-file	workspace-source	merge	serve/vllm/spark/aeon7_qwen36_27b_aeon_ultimate_uncensored_nvfp4/source/variants/spark3-ts/AEON-Qwen3.6-27B-NVFP4/docker-compose.yml	7f98ff61142184b68f9fcd132c7577b49e3b03b36572cc53b32e32285bd27b93	identity-copy
spark3-ts	/home/jjlink/inference/vllm/DeepSeek-V4-Flash-DSpark/docker-compose.yml	426054d489e9fcdb85374a6ecf4b2fbb780484281cd5a450b027c1850685e6db	source-file	workspace-source	merge	serve/vllm/spark/deepseek_ai_deepseek_v4_flash_dspark/source/variants/spark3-ts/DeepSeek-V4-Flash-DSpark/docker-compose.yml	426054d489e9fcdb85374a6ecf4b2fbb780484281cd5a450b027c1850685e6db	identity-copy
spark3-ts	/home/jjlink/inference/vllm/DeepSeek-V4-Flash-DSpark/launch.sh	e52d5a4f0fb909b61a65b2b569e7882e52ce5589504bc60c23243d3ec77917c2	source-file	workspace-source	merge	serve/vllm/spark/deepseek_ai_deepseek_v4_flash_dspark/source/variants/spark3-ts/DeepSeek-V4-Flash-DSpark/launch.sh	e52d5a4f0fb909b61a65b2b569e7882e52ce5589504bc60c23243d3ec77917c2	identity-copy
spark3-ts	/home/jjlink/inference/vllm/DeepSeek-V4-Flash-DSpark/rank0-docker-compose.yml	e4fd8eca5e5d24e998c2f93111cc74f28ef796f0b283830074c0be12c8d806a3	source-file	workspace-source	merge	serve/cluster/experiments/deepseek-v4-flash-dspark-legacy/source/spark3-ts/rank0-docker-compose.yml	e4fd8eca5e5d24e998c2f93111cc74f28ef796f0b283830074c0be12c8d806a3	identity-copy
spark3-ts	/home/jjlink/inference/vllm/DeepSeek-V4-Flash-DSpark/rank1-docker-compose.yml	c695545888d3d061e73358b9ebd479e4cbabcd23d29fa3123d4f7804f716f245	source-file	workspace-source	merge	serve/cluster/experiments/deepseek-v4-flash-dspark-legacy/source/spark3-ts/rank1-docker-compose.yml	c695545888d3d061e73358b9ebd479e4cbabcd23d29fa3123d4f7804f716f245	identity-copy
spark3-ts	/home/jjlink/inference/vllm/DeepSeek-V4-Flash-DSpark/serve_deepseek_v4_flash_tp2.sh	bee99d93af538d6c9f6f0703b0fc0f100aa3dd620075b94215c60277a2980b9c	source-file	workspace-source	merge	serve/cluster/experiments/deepseek-v4-flash-dspark-legacy/source/spark3-ts/serve_deepseek_v4_flash_tp2.sh	bee99d93af538d6c9f6f0703b0fc0f100aa3dd620075b94215c60277a2980b9c	identity-copy
spark3-ts	/home/jjlink/inference/vllm/DeepSeek-V4-Flash-DSpark/start.sh	7423f8caeea254a85acf37636974820d56f4af7f9540833ac086e68ca2666292	source-file	workspace-source	merge	serve/cluster/experiments/deepseek-v4-flash-dspark-legacy/source/spark3-ts/start.sh	7423f8caeea254a85acf37636974820d56f4af7f9540833ac086e68ca2666292	identity-copy
spark3-ts	/home/jjlink/inference/vllm/DeepSeek-V4-Flash-DSpark/start_rank1.sh	0e7e37c83265a06edb6cb4767a24c9ecc3e7dbb22736279f9d5a6cfc3cd37e14	source-file	workspace-source	merge	serve/cluster/experiments/deepseek-v4-flash-dspark-legacy/source/spark3-ts/start_rank1.sh	0e7e37c83265a06edb6cb4767a24c9ecc3e7dbb22736279f9d5a6cfc3cd37e14	identity-copy
spark3-ts	/home/jjlink/inference/vllm/DeepSeek-V4-Flash-DSpark/stop.sh	d4ce57a4551108e03159147089b654cb8857ecec0b296a02c7313c118a809733	source-file	workspace-source	merge	serve/vllm/spark/deepseek_ai_deepseek_v4_flash_dspark/source/variants/spark3-ts/DeepSeek-V4-Flash-DSpark/stop.sh	d4ce57a4551108e03159147089b654cb8857ecec0b296a02c7313c118a809733	identity-copy
spark3-ts	/home/jjlink/inference/vllm/Qwen3.6-35B-A3B-NVFP4/docker-compose.yml	67b0e6c1fa72fac00b7361f3c32a945bf44c3207d3e4daadff8caf555bc9695e	source-file	workspace-source	merge	serve/vllm/spark/nvidia_qwen36_35b_a3b_nvfp4/source/variants/spark3-ts/Qwen3.6-35B-A3B-NVFP4/docker-compose.yml	67b0e6c1fa72fac00b7361f3c32a945bf44c3207d3e4daadff8caf555bc9695e	identity-copy
wsl	/home/workbench/inference/.agents	-	excluded-root	generated-ignore	generated-ignore	-	-	excluded-root
wsl	/home/workbench/inference/.claude	-	excluded-root	generated-ignore	generated-ignore	-	-	excluded-root
wsl	/home/workbench/inference/.codex	-	excluded-root	generated-ignore	generated-ignore	-	-	excluded-root
wsl	/home/workbench/inference/.git	-	excluded-root	generated-ignore	generated-ignore	-	-	excluded-root
wsl	/home/workbench/inference/Dockerfile.sglang-modelopt-pr30078	22df84aa9d7b5bb25a59d8df83ae045dd8654ec2dd0384cba836609e8f425ff6	source-file	workspace-source	import	Dockerfile.sglang-modelopt-pr30078	22df84aa9d7b5bb25a59d8df83ae045dd8654ec2dd0384cba836609e8f425ff6	identity
wsl	/home/workbench/inference/README.md	c0b9673728d3f8504d31ee485756628ec1b3ea52df7ca7f0cbee39395c5b1f69	source-file	workspace-source	import	README.md	c0b9673728d3f8504d31ee485756628ec1b3ea52df7ca7f0cbee39395c5b1f69	identity
wsl	/home/workbench/inference/archive	-	excluded-root	generated-ignore	generated-ignore	-	-	excluded-root
wsl	/home/workbench/inference/bench/__pycache__	-	excluded-root	generated-ignore	generated-ignore	-	-	excluded-root
wsl	/home/workbench/inference/bench/bench_50k.py	3db2afb6466ef35e9444c8cb7e34cd512f78f563e6ed4aee907c2a28cf097c70	source-file	workspace-source	import	bench/bench_50k.py	3db2afb6466ef35e9444c8cb7e34cd512f78f563e6ed4aee907c2a28cf097c70	identity
wsl	/home/workbench/inference/bench/bench_prefill.py	85ebf84d5314b43629afbde35ceb056a19bce1aa14849040af1e0ca3aca130dc	source-file	workspace-source	import	bench/bench_prefill.py	85ebf84d5314b43629afbde35ceb056a19bce1aa14849040af1e0ca3aca130dc	identity
wsl	/home/workbench/inference/bench/bench_tps.py	db7680d217622e2cd3037912ec7e135a3617e0b2257552f66764de86866b01dd	source-file	workspace-source	import	bench/bench_tps.py	db7680d217622e2cd3037912ec7e135a3617e0b2257552f66764de86866b01dd	identity
wsl	/home/workbench/inference/benchmarks/README.md	65a7f5ca54e539de15babc6d7fb85b7ea171daf63811c8b9f4d314079e178f07	source-file	workspace-source	import	benchmarks/README.md	65a7f5ca54e539de15babc6d7fb85b7ea171daf63811c8b9f4d314079e178f07	identity
wsl	/home/workbench/inference/benchmarks/RESULTS.md	23d31f7652566dd5f64990fe5de9a5e719d77047a102abb1c88d5cc2158bedd8	source-file	workspace-source	import	benchmarks/RESULTS.md	23d31f7652566dd5f64990fe5de9a5e719d77047a102abb1c88d5cc2158bedd8	identity
wsl	/home/workbench/inference/benchmarks/SURVEY_PART1.md	f883ca63f1e6c71da6c8305587fc326fd8baabc8138133031287e4536ebd11f3	source-file	workspace-source	import	benchmarks/SURVEY_PART1.md	f883ca63f1e6c71da6c8305587fc326fd8baabc8138133031287e4536ebd11f3	identity
wsl	/home/workbench/inference/benchmarks/SWEEP_STATUS.md	47fc608b045d3c78983df3dc37c8876430f9a075fa1c23dab8b88cf61d116af0	source-file	workspace-source	import	benchmarks/SWEEP_STATUS.md	47fc608b045d3c78983df3dc37c8876430f9a075fa1c23dab8b88cf61d116af0	identity
wsl	/home/workbench/inference/benchmarks/__pycache__	-	excluded-root	generated-ignore	generated-ignore	-	-	excluded-root
wsl	/home/workbench/inference/benchmarks/_prepare_thinkingcap_qwen36_27b_nvfp4_dflash.py	41afbed02528cb43749b024453209fcba596487aeeb907df74597f34bcc554fd	source-file	workspace-source	import	benchmarks/_prepare_thinkingcap_qwen36_27b_nvfp4_dflash.py	41afbed02528cb43749b024453209fcba596487aeeb907df74597f34bcc554fd	identity
wsl	/home/workbench/inference/benchmarks/_serve_thinkingcap_qwen36_27b_nvfp4_dflash.sh	4e03f8c169e2848a02c3fa8ebf3c338b4124a0ea87d7e8487510bd1811531a5a	source-file	workspace-source	import	benchmarks/_serve_thinkingcap_qwen36_27b_nvfp4_dflash.sh	4e03f8c169e2848a02c3fa8ebf3c338b4124a0ea87d7e8487510bd1811531a5a	identity
wsl	/home/workbench/inference/benchmarks/_thinkingcap-run_vllm_docker.sh	98d3378b36971985ed1168741f513e31a528ae80b14c4545023c054b0ca12e09	source-file	workspace-source	import	benchmarks/_thinkingcap-run_vllm_docker.sh	98d3378b36971985ed1168741f513e31a528ae80b14c4545023c054b0ca12e09	identity
wsl	/home/workbench/inference/benchmarks/ab_mamba_dtype.sh	63734cb9a0fe4e5311f62d5d17dec3eb9e0d7fe427650aaf5349a364bd3c4612	source-file	workspace-source	import	benchmarks/ab_mamba_dtype.sh	63734cb9a0fe4e5311f62d5d17dec3eb9e0d7fe427650aaf5349a364bd3c4612	identity
wsl	/home/workbench/inference/benchmarks/aggregate.sh	7aea28745870da2647b85ce33943d37b3cd96479500a3b1a7b2da9d7741a3d2a	source-file	workspace-source	import	benchmarks/aggregate.sh	7aea28745870da2647b85ce33943d37b3cd96479500a3b1a7b2da9d7741a3d2a	identity
wsl	/home/workbench/inference/benchmarks/aggregate_minimal.py	77710c43f7fe808154fd0e3a9695e739e122be3e7afa62f6132d11eef8d21fc8	source-file	workspace-source	import	benchmarks/aggregate_minimal.py	77710c43f7fe808154fd0e3a9695e739e122be3e7afa62f6132d11eef8d21fc8	identity
wsl	/home/workbench/inference/benchmarks/aider	-	dependency-tree	vendored-dependency	dependency-pin	dependencies/manifest.tsv	0d1233c6278b1dd32aecc36c9f776b870a6be401c919e0741bd3d00a3da01d9c	pin-plus-ordered-patches-and-overlay
wsl	/home/workbench/inference/benchmarks/aider-gemma-model-metadata.json	4d8aaf8672537dfcd877f4bd67440777df82ca40720470e898ab5361a39729cb	generated-file	generated	generated-ignore	-	-	generated-file
wsl	/home/workbench/inference/benchmarks/aider-gemma-model-settings.yml	4dbab6508657d56c5d1c21396c01ef99730fe018abaa50f2a96f28474443dc61	source-file	workspace-source	import	benchmarks/aider-gemma-model-settings.yml	4dbab6508657d56c5d1c21396c01ef99730fe018abaa50f2a96f28474443dc61	identity
wsl	/home/workbench/inference/benchmarks/cross_agent_bench.py	11d4f24e44edf7ac77c4784d850ba3861668bbb3b1ac718fbadef5ffa2f7c700	source-file	workspace-source	import	benchmarks/cross_agent_bench.py	11d4f24e44edf7ac77c4784d850ba3861668bbb3b1ac718fbadef5ffa2f7c700	identity
wsl	/home/workbench/inference/benchmarks/cross_agent_multiturn.py	5dd135bfcaa4d3295ca3cdbba0c61946bd97c31c67ccbfcd2b3dc66e465b5fdb	source-file	workspace-source	import	benchmarks/cross_agent_multiturn.py	5dd135bfcaa4d3295ca3cdbba0c61946bd97c31c67ccbfcd2b3dc66e465b5fdb	identity
wsl	/home/workbench/inference/benchmarks/cross_agent_oneshot.py	836fd260e5406868703600ae168f23be5d8fbe95a1b11aec47367fdbd1aa59f3	source-file	workspace-source	import	benchmarks/cross_agent_oneshot.py	836fd260e5406868703600ae168f23be5d8fbe95a1b11aec47367fdbd1aa59f3	identity
wsl	/home/workbench/inference/benchmarks/deepseek-responses-proxy	-	dependency-tree	vendored-dependency	dependency-pin	dependencies/manifest.tsv	0d1233c6278b1dd32aecc36c9f776b870a6be401c919e0741bd3d00a3da01d9c	clean-pin-record
wsl	/home/workbench/inference/benchmarks/dflash_eval.sh	d596b62ee27cf52928c486c7edc81acdb378bc6c7b1a1dda7be08f3a9a0bb4c8	source-file	workspace-source	import	benchmarks/dflash_eval.sh	d596b62ee27cf52928c486c7edc81acdb378bc6c7b1a1dda7be08f3a9a0bb4c8	identity
wsl	/home/workbench/inference/benchmarks/dflash_eval_spark.sh	192e6e3eb09905e2a8bcca9504bda84cd4be55f5be8b83cd717984ad8898b2d3	source-file	workspace-source	import	benchmarks/dflash_eval_spark.sh	192e6e3eb09905e2a8bcca9504bda84cd4be55f5be8b83cd717984ad8898b2d3	identity
wsl	/home/workbench/inference/benchmarks/dflash_longctx.py	44142c9022e46bfaf6c087c600490f71d2e8885e8660abc2e76f646032406252	source-file	workspace-source	import	benchmarks/dflash_longctx.py	44142c9022e46bfaf6c087c600490f71d2e8885e8660abc2e76f646032406252	identity
wsl	/home/workbench/inference/benchmarks/dflash_speed.py	8da3fe8bdc52c295322b934a8b118fd16cbfc34525612b38bb76c8995761e9bb	source-file	workspace-source	import	benchmarks/dflash_speed.py	8da3fe8bdc52c295322b934a8b118fd16cbfc34525612b38bb76c8995761e9bb	identity
wsl	/home/workbench/inference/benchmarks/docker/Dockerfile.cpp	7dedd68febbe4cfc502d6a02591c5a1ef4ebbc6582f98af4a3f98ed3aa73d0e7	source-file	workspace-source	import	benchmarks/docker/Dockerfile.cpp	7dedd68febbe4cfc502d6a02591c5a1ef4ebbc6582f98af4a3f98ed3aa73d0e7	identity
wsl	/home/workbench/inference/benchmarks/docker/Dockerfile.go	d370262545b917f7d8fd6f49a4d3e96000914fd1a6fbf187f3f4f2b98a61f0e8	source-file	workspace-source	import	benchmarks/docker/Dockerfile.go	d370262545b917f7d8fd6f49a4d3e96000914fd1a6fbf187f3f4f2b98a61f0e8	identity
wsl	/home/workbench/inference/benchmarks/docker/Dockerfile.java	e63f107fe178f0bf24a4dfac00429e244f8ef980a985421d481e6cfff931e75b	source-file	workspace-source	import	benchmarks/docker/Dockerfile.java	e63f107fe178f0bf24a4dfac00429e244f8ef980a985421d481e6cfff931e75b	identity
wsl	/home/workbench/inference/benchmarks/docker/Dockerfile.javascript	52e14ddccb6878e971c0242e199b59387f00fbb235a4cc9ffe926988938d335a	source-file	workspace-source	import	benchmarks/docker/Dockerfile.javascript	52e14ddccb6878e971c0242e199b59387f00fbb235a4cc9ffe926988938d335a	identity
wsl	/home/workbench/inference/benchmarks/docker/Dockerfile.python	1798809c029909927c21879b9aa82b9983d25f47392add76f3e6cc5b476fe72a	source-file	workspace-source	import	benchmarks/docker/Dockerfile.python	1798809c029909927c21879b9aa82b9983d25f47392add76f3e6cc5b476fe72a	identity
wsl	/home/workbench/inference/benchmarks/docker/Dockerfile.rust	cb9e801be641d05a4929314970e315d7943729ffdbf795d38907c7702f4bcd14	source-file	workspace-source	import	benchmarks/docker/Dockerfile.rust	cb9e801be641d05a4929314970e315d7943729ffdbf795d38907c7702f4bcd14	identity
wsl	/home/workbench/inference/benchmarks/docker/build.sh	8b0e1367eba31a6993a2ebd8c2e34d7b6a3ccc47ec1f53d5f3c3ffb88f724837	source-file	workspace-source	import	benchmarks/docker/build.sh	8b0e1367eba31a6993a2ebd8c2e34d7b6a3ccc47ec1f53d5f3c3ffb88f724837	identity
wsl	/home/workbench/inference/benchmarks/eagle3_tune_27b_local.sh	e8fa72c8aef6d830dbacdf7094165b7aa0e7b5a31ac7972de5d593269e954f8e	source-file	workspace-source	import	benchmarks/eagle3_tune_27b_local.sh	e8fa72c8aef6d830dbacdf7094165b7aa0e7b5a31ac7972de5d593269e954f8e	identity
wsl	/home/workbench/inference/benchmarks/fetch_tokenizers.sh	d2c30eceb2e6c98e0d9dd460e6811d86e9c2ae26170760349e2684899c617a9d	source-file	workspace-source	import	benchmarks/fetch_tokenizers.sh	d2c30eceb2e6c98e0d9dd460e6811d86e9c2ae26170760349e2684899c617a9d	identity
wsl	/home/workbench/inference/benchmarks/finalize_results.py	6052d10cf7d0c6ed6d9e5331bf59c102aefbe718053e02cc1929f739d3879bba	source-file	workspace-source	import	benchmarks/finalize_results.py	6052d10cf7d0c6ed6d9e5331bf59c102aefbe718053e02cc1929f739d3879bba	identity
wsl	/home/workbench/inference/benchmarks/gemma4_vllm_spec_compare.py	250ee3663fb5f17d0ec1957012b60140a7cc10e0505d8d5b9d785ab1a2c5671d	source-file	workspace-source	import	benchmarks/gemma4_vllm_spec_compare.py	250ee3663fb5f17d0ec1957012b60140a7cc10e0505d8d5b9d785ab1a2c5671d	identity
wsl	/home/workbench/inference/benchmarks/gorilla	-	dependency-tree	vendored-dependency	dependency-pin	dependencies/manifest.tsv	0d1233c6278b1dd32aecc36c9f776b870a6be401c919e0741bd3d00a3da01d9c	pin-plus-ordered-patches-and-overlay
wsl	/home/workbench/inference/benchmarks/local-serve/aider-model-settings.local.yml	903e3895b54d3f11e176d301fdbcc26d7decf6f499660a982c817c2b70575cb6	source-file	workspace-source	import	benchmarks/local-serve/aider-model-settings.local.yml	903e3895b54d3f11e176d301fdbcc26d7decf6f499660a982c817c2b70575cb6	identity
wsl	/home/workbench/inference/benchmarks/local-serve/models.env	afab86490fa7ddaef879e2bdb1f71bcf485af95b6924ad184ab7393eb95fc2e2	source-file	workspace-source	import	benchmarks/local-serve/models.env	afab86490fa7ddaef879e2bdb1f71bcf485af95b6924ad184ab7393eb95fc2e2	identity
wsl	/home/workbench/inference/benchmarks/local-serve/swap.sh	81f54010a2e7424bca7771477dad131f1d45b427efbde5334c61b70b1064f902	source-file	workspace-source	import	benchmarks/local-serve/swap.sh	81f54010a2e7424bca7771477dad131f1d45b427efbde5334c61b70b1064f902	identity
wsl	/home/workbench/inference/benchmarks/logs	-	excluded-root	generated-ignore	generated-ignore	-	-	excluded-root
wsl	/home/workbench/inference/benchmarks/longctx_corpus.txt	eab2374c30a2139ca987858b852b6b9a582cb654671313abd8837e0b9bc7abf3	source-file	workspace-source	import	benchmarks/longctx_corpus.txt	eab2374c30a2139ca987858b852b6b9a582cb654671313abd8837e0b9bc7abf3	identity
wsl	/home/workbench/inference/benchmarks/longctx_corpus_real.txt	899b54753de02ea6698d401b3446976d4178068d40b19a8bc5ad9d2634504bd9	source-file	workspace-source	import	benchmarks/longctx_corpus_real.txt	899b54753de02ea6698d401b3446976d4178068d40b19a8bc5ad9d2634504bd9	identity
wsl	/home/workbench/inference/benchmarks/oneshot_bench.py	aaa6d3a78bd80e8070f40c3920928b2da0a3a799b376b634703b99a698c740c2	source-file	workspace-source	import	benchmarks/oneshot_bench.py	aaa6d3a78bd80e8070f40c3920928b2da0a3a799b376b634703b99a698c740c2	identity
wsl	/home/workbench/inference/benchmarks/opencode-gemma-config/opencode/.gitignore	663a068e76d264d0bc6740f5450b6c4193c7b41ecf5e0dc222485b8a17404d95	source-file	workspace-source	import	benchmarks/opencode-gemma-config/opencode/.gitignore	663a068e76d264d0bc6740f5450b6c4193c7b41ecf5e0dc222485b8a17404d95	identity
wsl	/home/workbench/inference/benchmarks/opencode-gemma-config/opencode/node_modules	-	excluded-root	generated-ignore	generated-ignore	-	-	excluded-root
wsl	/home/workbench/inference/benchmarks/opencode-gemma-config/opencode/opencode.json	8cde049f2353048f545cea9a1f2cd28a2e1d1d78776a215444a3c43f7c55fa7a	generated-file	generated	generated-ignore	-	-	generated-file
wsl	/home/workbench/inference/benchmarks/opencode-gemma-config/opencode/package-lock.json	66b2dbcc4ee74e03159b5013cafc9acd0bdafaa6194708435654e894c5f71897	generated-file	generated	generated-ignore	-	-	generated-file
wsl	/home/workbench/inference/benchmarks/opencode-gemma-config/opencode/package.json	40cb13d62bcea9e5200c015be3c7826831e82dee777cc90ff730c7b6a9e71499	generated-file	generated	generated-ignore	-	-	generated-file
wsl	/home/workbench/inference/benchmarks/results	-	excluded-root	generated-ignore	generated-ignore	-	-	excluded-root
wsl	/home/workbench/inference/benchmarks/run_aider_local.sh	b8241d5b72a3be9ee8f4aff24d2c76494a8391278ca6e91aab74899db1946a65	source-file	workspace-source	import	benchmarks/run_aider_local.sh	b8241d5b72a3be9ee8f4aff24d2c76494a8391278ca6e91aab74899db1946a65	identity
wsl	/home/workbench/inference/benchmarks/run_aider_spark.sh	42099800c23b0ac7c5a0aadacba24478a62fb6bc50236ae9a69db5d3ace041ca	source-file	workspace-source	import	benchmarks/run_aider_spark.sh	42099800c23b0ac7c5a0aadacba24478a62fb6bc50236ae9a69db5d3ace041ca	identity
wsl	/home/workbench/inference/benchmarks/run_bfcl.sh	441a52145974492bfab41e7d7c8262fa7eb4a8794b49a8867b576f29f9bd1283	source-file	workspace-source	import	benchmarks/run_bfcl.sh	441a52145974492bfab41e7d7c8262fa7eb4a8794b49a8867b576f29f9bd1283	identity
wsl	/home/workbench/inference/benchmarks/run_gemma4090_mtp_cross_agent.sh	213454b784a512daf0e0b7b584917dc62e0d7e828891bc5a202cdb212d768ec2	source-file	workspace-source	import	benchmarks/run_gemma4090_mtp_cross_agent.sh	213454b784a512daf0e0b7b584917dc62e0d7e828891bc5a202cdb212d768ec2	identity
wsl	/home/workbench/inference/benchmarks/run_local_bench.sh	53c9980f28e9a2bc9f4df838c925221e3c4a97d8f8b8cfa9678a0ac24a1f4433	source-file	workspace-source	import	benchmarks/run_local_bench.sh	53c9980f28e9a2bc9f4df838c925221e3c4a97d8f8b8cfa9678a0ac24a1f4433	identity
wsl	/home/workbench/inference/benchmarks/run_ornith35b_spark3_bench.sh	687ae11fa1badb731376a69e664e2dc3674bcd2c7b0d29f66dcc14a2660b3e80	source-file	workspace-source	import	benchmarks/run_ornith35b_spark3_bench.sh	687ae11fa1badb731376a69e664e2dc3674bcd2c7b0d29f66dcc14a2660b3e80	identity
wsl	/home/workbench/inference/benchmarks/run_ornith9b_spark2_bench.sh	c645473bd030ee38d779087f6f7a2920597720e965ebbc1e8f007e91d1d1b89a	source-file	workspace-source	import	benchmarks/run_ornith9b_spark2_bench.sh	c645473bd030ee38d779087f6f7a2920597720e965ebbc1e8f007e91d1d1b89a	identity
wsl	/home/workbench/inference/benchmarks/run_prismascout_bench.sh	ae6901a907123984feb1ed79c4258da58fff7c7d55b92baa79651de8b8970001	source-file	workspace-source	import	benchmarks/run_prismascout_bench.sh	ae6901a907123984feb1ed79c4258da58fff7c7d55b92baa79651de8b8970001	identity
wsl	/home/workbench/inference/benchmarks/run_spark3_bench.sh	3155351a1d6abf49e11123e37f169e1bf3cca31e584d6f537323976c668006d0	source-file	workspace-source	import	benchmarks/run_spark3_bench.sh	3155351a1d6abf49e11123e37f169e1bf3cca31e584d6f537323976c668006d0	identity
wsl	/home/workbench/inference/benchmarks/serve-dashboard.sh	0d965850b953d42ea1599e079241295a1d1aa32008924e7d6400a582cbdd0b8f	source-file	workspace-source	import	benchmarks/serve-dashboard.sh	0d965850b953d42ea1599e079241295a1d1aa32008924e7d6400a582cbdd0b8f	identity
wsl	/home/workbench/inference/benchmarks/sglang_ctx_sweep.sh	50e1c7a2bf88400ac1ec450fcf11c35c1e18934de5a95055f89cc37c255de660	source-file	workspace-source	import	benchmarks/sglang_ctx_sweep.sh	50e1c7a2bf88400ac1ec450fcf11c35c1e18934de5a95055f89cc37c255de660	identity
wsl	/home/workbench/inference/benchmarks/sglang_window_sweep.sh	05f2a7062eb467f0c83b528a99e5b3b4a1dc9fed40fec1e40869a0f8a0450ac8	source-file	workspace-source	import	benchmarks/sglang_window_sweep.sh	05f2a7062eb467f0c83b528a99e5b3b4a1dc9fed40fec1e40869a0f8a0450ac8	identity
wsl	/home/workbench/inference/benchmarks/spark-serve/aider-model-settings.spark.yml	198e81c7ec6dad6b53638ebe4030a05e40193146ede2c757cb3a30c35e37e2de	source-file	workspace-source	import	benchmarks/spark-serve/aider-model-settings.spark.yml	198e81c7ec6dad6b53638ebe4030a05e40193146ede2c757cb3a30c35e37e2de	identity
wsl	/home/workbench/inference/benchmarks/spark-serve/aider-model-settings.yml	44f10d6288db8a71860698c80ade7e8b58e51a22be12523dc5081181069076ff	source-file	workspace-source	import	benchmarks/spark-serve/aider-model-settings.yml	44f10d6288db8a71860698c80ade7e8b58e51a22be12523dc5081181069076ff	identity
wsl	/home/workbench/inference/benchmarks/spark-serve/models.env	c3d9c411478e5d6e4cc865fe83bd3a89f769a4094c5f874e09a5ea7a72c7d682	source-file	workspace-source	archive-only	-	-	catalog-consumed-into-package-runtime-env
wsl	/home/workbench/inference/benchmarks/spark-serve/swap.sh	901f6deeecd13e788c8ee980bf7d12897ace3a21826fbf07cb419165fc5fb843	source-file	workspace-source	archive-only	-	-	replaced-by-front-door-and-profile-runtime
wsl	/home/workbench/inference/benchmarks/swebench/.cache	-	excluded-root	generated-ignore	generated-ignore	-	-	excluded-root
wsl	/home/workbench/inference/benchmarks/swebench/.venv	-	excluded-root	generated-ignore	generated-ignore	-	-	excluded-root
wsl	/home/workbench/inference/benchmarks/swebench/requirements.txt	7c919016f0df4f9b37850936bcb722e556eda93b070f4c62ebc9514edc24b641	source-file	workspace-source	import	benchmarks/swebench/requirements.txt	7c919016f0df4f9b37850936bcb722e556eda93b070f4c62ebc9514edc24b641	identity
wsl	/home/workbench/inference/benchmarks/swebench/run-thinkingcap-multilingual.sh	b6389cf0148b52bf86d6befa67d42a0d10cefb376812a3d55625921ef72ee287	source-file	workspace-source	import	benchmarks/swebench/run-thinkingcap-multilingual.sh	b6389cf0148b52bf86d6befa67d42a0d10cefb376812a3d55625921ef72ee287	identity
wsl	/home/workbench/inference/benchmarks/swebench/runs	-	excluded-root	generated-ignore	generated-ignore	-	-	excluded-root
wsl	/home/workbench/inference/benchmarks/swebench/thinkingcap-swebench.yaml	d291c780c5860282689fb5e94dc4e04aad4f19dc9e883d778a2840bada8a4774	source-file	workspace-source	import	benchmarks/swebench/thinkingcap-swebench.yaml	d291c780c5860282689fb5e94dc4e04aad4f19dc9e883d778a2840bada8a4774	identity
wsl	/home/workbench/inference/benchmarks/sweep.sh	68440e833995a0b92f6cb61c35d0174484d9c57aff41d2c3326fc719d935fb68	source-file	workspace-source	import	benchmarks/sweep.sh	68440e833995a0b92f6cb61c35d0174484d9c57aff41d2c3326fc719d935fb68	identity
wsl	/home/workbench/inference/benchmarks/sweep_aider_local.sh	0b4eadf3f6702d87b5ad04f2cf65cac983417c70dccd611897a2e410584a63dd	source-file	workspace-source	import	benchmarks/sweep_aider_local.sh	0b4eadf3f6702d87b5ad04f2cf65cac983417c70dccd611897a2e410584a63dd	identity
wsl	/home/workbench/inference/benchmarks/sweep_aider_spark.sh	32e7e5b17416d62dc8699057ac94983a2011d2ea5c0e89697d1d75a4cdc7ab2a	source-file	workspace-source	import	benchmarks/sweep_aider_spark.sh	32e7e5b17416d62dc8699057ac94983a2011d2ea5c0e89697d1d75a4cdc7ab2a	identity
wsl	/home/workbench/inference/benchmarks/sweep_alllang_local.sh	6edb22f0a8651bcfc54a13cf30a088d0154cf53d127e9ff84d0d8cca72bb1dd9	source-file	workspace-source	import	benchmarks/sweep_alllang_local.sh	6edb22f0a8651bcfc54a13cf30a088d0154cf53d127e9ff84d0d8cca72bb1dd9	identity
wsl	/home/workbench/inference/benchmarks/sweep_bfcl_local.sh	0e81784dcdc989ee788f6eb18260696dc083f621dea3718f871554ba550850f8	source-file	workspace-source	import	benchmarks/sweep_bfcl_local.sh	0e81784dcdc989ee788f6eb18260696dc083f621dea3718f871554ba550850f8	identity
wsl	/home/workbench/inference/benchmarks/sweep_bfcl_spark.sh	2aec170143e567fd8315af00eca49df08e7aab54f7b2ecb455e32555f299c530	source-file	workspace-source	import	benchmarks/sweep_bfcl_spark.sh	2aec170143e567fd8315af00eca49df08e7aab54f7b2ecb455e32555f299c530	identity
wsl	/home/workbench/inference/benchmarks/sweep_oneshot.sh	8fb3243efd3684286ff5d6a0ce617f1caf95d5852f6349e665df61d51ee2455c	source-file	workspace-source	import	benchmarks/sweep_oneshot.sh	8fb3243efd3684286ff5d6a0ce617f1caf95d5852f6349e665df61d51ee2455c	identity
wsl	/home/workbench/inference/benchmarks/sweep_oneshot_local.sh	81fcc31c3772e5510e70ccfa239e6e3b74b31846942f4b423e2b0e647e5ef4a5	source-file	workspace-source	import	benchmarks/sweep_oneshot_local.sh	81fcc31c3772e5510e70ccfa239e6e3b74b31846942f4b423e2b0e647e5ef4a5	identity
wsl	/home/workbench/inference/benchmarks/tokenizers/minimax/.cache	-	excluded-root	generated-ignore	generated-ignore	-	-	excluded-root
wsl	/home/workbench/inference/benchmarks/tokenizers/minimax/added_tokens.json	1078aee1a33b7e42e8f86f7d2b6d8fd340fe04c94c2e7117814f74b96e241c5c	generated-file	generated	generated-ignore	-	-	generated-file
wsl	/home/workbench/inference/benchmarks/tokenizers/minimax/chat_template.jinja	893d908f7b5cc65fdde270dcae5ea1a99647c6a7ce572ae874a57b7160069566	generated-file	generated	generated-ignore	-	-	downloaded-tokenizer-asset
wsl	/home/workbench/inference/benchmarks/tokenizers/minimax/config.json	e08502c6916a1563a1e5d2791588a3770a1bf4ccdb07a87593d98aab951a3cd2	generated-file	generated	generated-ignore	-	-	generated-file
wsl	/home/workbench/inference/benchmarks/tokenizers/minimax/generation_config.json	c0353f6ff06f7e02c337521a175dee2d18765af7f2ceb33c41bace44306d3c42	generated-file	generated	generated-ignore	-	-	generated-file
wsl	/home/workbench/inference/benchmarks/tokenizers/minimax/merges.txt	37c54e1d6eb451b1db3ab89669382c097e6533a47fe526e90dd70b35a0d28bc8	generated-file	generated	generated-ignore	-	-	downloaded-tokenizer-asset
wsl	/home/workbench/inference/benchmarks/tokenizers/minimax/special_tokens_map.json	5dc8a9de298eec5c3b8ca334cc15b4964eaf9dd9b369f0b91ebf3bb3eceb8a87	generated-file	generated	generated-ignore	-	-	generated-file
wsl	/home/workbench/inference/benchmarks/tokenizers/minimax/tokenizer.json	8fe9e9c3276d4ef1e47e399e5ca2122a210722d8ff62a25ab93a927fc0280387	generated-file	generated	generated-ignore	-	-	generated-file
wsl	/home/workbench/inference/benchmarks/tokenizers/minimax/tokenizer_config.json	439d1bb5b3beb7b2c651611c448c31854832d516452c8e922787940473b1488b	generated-file	generated	generated-ignore	-	-	generated-file
wsl	/home/workbench/inference/benchmarks/tokenizers/minimax/vocab.json	449838e19b2c13a375ee324056b4fe0f19128ea359283941d27c4e603292dab5	generated-file	generated	generated-ignore	-	-	generated-file
wsl	/home/workbench/inference/benchmarks/tokenizers/qwen35-122b-a10b-nvfp4/tokenizer.json	dd6b8cf757c22939ad262adb1077fa3b8e7cbb89054bc2507630b0f6aafd80ae	generated-file	generated	generated-ignore	-	-	generated-file
wsl	/home/workbench/inference/benchmarks/tokenizers/qwen35-122b-a10b-nvfp4/tokenizer_config.json	8204e7d22814977b85d2014b61b481c7e383e34579359cc875b200de91dcf38b	generated-file	generated	generated-ignore	-	-	generated-file
wsl	/home/workbench/inference/benchmarks/tokenizers/qwen36-27b-fp8/.cache	-	excluded-root	generated-ignore	generated-ignore	-	-	excluded-root
wsl	/home/workbench/inference/benchmarks/tokenizers/qwen36-27b-fp8/chat_template.jinja	e84f32a23fdda27689f868aa4a1a5621f41133e51a48d7f3efcbea2839574259	generated-file	generated	generated-ignore	-	-	downloaded-tokenizer-asset
wsl	/home/workbench/inference/benchmarks/tokenizers/qwen36-27b-fp8/config.json	885e6830f8d6883fefd63e3608c267452da2e6ce353a3494f42a7aa3d70c8434	generated-file	generated	generated-ignore	-	-	generated-file
wsl	/home/workbench/inference/benchmarks/tokenizers/qwen36-27b-fp8/generation_config.json	e70c136c1b78ddc1fb0905bac8e733a4dc448d4f852a5dd75143fffc70be550e	generated-file	generated	generated-ignore	-	-	generated-file
wsl	/home/workbench/inference/benchmarks/tokenizers/qwen36-27b-fp8/merges.txt	a9d356d7bdf1ef4949e3e748e95b8e10ad9d4e2e838eddc38a0a7b6b94d1db8d	generated-file	generated	generated-ignore	-	-	downloaded-tokenizer-asset
wsl	/home/workbench/inference/benchmarks/tokenizers/qwen36-27b-fp8/tokenizer.json	5f9e4d4901a92b997e463c1f46055088b6cca5ca61a6522d1b9f64c4bb81cb42	generated-file	generated	generated-ignore	-	-	generated-file
wsl	/home/workbench/inference/benchmarks/tokenizers/qwen36-27b-fp8/tokenizer_config.json	5186f0defcd7f232382c7f0aebcd2252d073bb921ab240e407b7ae8745d2b29b	generated-file	generated	generated-ignore	-	-	generated-file
wsl	/home/workbench/inference/benchmarks/tokenizers/qwen36-27b-fp8/vocab.json	ce99b4cb2983d118806ce0a8b777a35b093e2000a503ebde25853284c9dfa003	generated-file	generated	generated-ignore	-	-	generated-file
wsl	/home/workbench/inference/benchmarks/tokenizers/qwen36-27b-nvfp4/.cache	-	excluded-root	generated-ignore	generated-ignore	-	-	excluded-root
wsl	/home/workbench/inference/benchmarks/tokenizers/qwen36-27b-nvfp4/chat_template.jinja	c1c0c1df2ff804079c549c4829c0de3fc969b2badf58a7bca73e585859a9bcd3	generated-file	generated	generated-ignore	-	-	downloaded-tokenizer-asset
wsl	/home/workbench/inference/benchmarks/tokenizers/qwen36-27b-nvfp4/config.json	d8ddef429bfbe7e9d3fd58655730409b686c04aea3ad951aecd3a5be3d940689	generated-file	generated	generated-ignore	-	-	generated-file
wsl	/home/workbench/inference/benchmarks/tokenizers/qwen36-27b-nvfp4/generation_config.json	252e0efee3ded327704912616f3493a227cdc39eb4bab52fcae1ceb3ed5dc890	generated-file	generated	generated-ignore	-	-	generated-file
wsl	/home/workbench/inference/benchmarks/tokenizers/qwen36-27b-nvfp4/tokenizer.json	87a7830d63fcf43bf241c3c5242e96e62dd3fdc29224ca26fed8ea333db72de4	generated-file	generated	generated-ignore	-	-	generated-file
wsl	/home/workbench/inference/benchmarks/tokenizers/qwen36-27b-nvfp4/tokenizer_config.json	83febe739ecefd99f984f546dfdc10149cedf293b9ee0291b99894341188b613	generated-file	generated	generated-ignore	-	-	generated-file
wsl	/home/workbench/inference/benchmarks/tokenizers/qwen36-35b-a3b-fp8/.cache	-	excluded-root	generated-ignore	generated-ignore	-	-	excluded-root
wsl	/home/workbench/inference/benchmarks/tokenizers/qwen36-35b-a3b-fp8/chat_template.jinja	e84f32a23fdda27689f868aa4a1a5621f41133e51a48d7f3efcbea2839574259	generated-file	generated	generated-ignore	-	-	downloaded-tokenizer-asset
wsl	/home/workbench/inference/benchmarks/tokenizers/qwen36-35b-a3b-fp8/config.json	570ef7ea45a7e1d3de2b1d3c70c4ac3562d0e768acdc195778cb4f4d95025845	generated-file	generated	generated-ignore	-	-	generated-file
wsl	/home/workbench/inference/benchmarks/tokenizers/qwen36-35b-a3b-fp8/generation_config.json	e70c136c1b78ddc1fb0905bac8e733a4dc448d4f852a5dd75143fffc70be550e	generated-file	generated	generated-ignore	-	-	generated-file
wsl	/home/workbench/inference/benchmarks/tokenizers/qwen36-35b-a3b-fp8/merges.txt	a9d356d7bdf1ef4949e3e748e95b8e10ad9d4e2e838eddc38a0a7b6b94d1db8d	generated-file	generated	generated-ignore	-	-	downloaded-tokenizer-asset
wsl	/home/workbench/inference/benchmarks/tokenizers/qwen36-35b-a3b-fp8/tokenizer.json	5f9e4d4901a92b997e463c1f46055088b6cca5ca61a6522d1b9f64c4bb81cb42	generated-file	generated	generated-ignore	-	-	generated-file
wsl	/home/workbench/inference/benchmarks/tokenizers/qwen36-35b-a3b-fp8/tokenizer_config.json	5186f0defcd7f232382c7f0aebcd2252d073bb921ab240e407b7ae8745d2b29b	generated-file	generated	generated-ignore	-	-	generated-file
wsl	/home/workbench/inference/benchmarks/tokenizers/qwen36-35b-a3b-fp8/vocab.json	ce99b4cb2983d118806ce0a8b777a35b093e2000a503ebde25853284c9dfa003	generated-file	generated	generated-ignore	-	-	generated-file
wsl	/home/workbench/inference/benchmarks/tokenizers/qwen36-35b-a3b-nvfp4/.cache	-	excluded-root	generated-ignore	generated-ignore	-	-	excluded-root
wsl	/home/workbench/inference/benchmarks/tokenizers/qwen36-35b-a3b-nvfp4/chat_template.jinja	e84f32a23fdda27689f868aa4a1a5621f41133e51a48d7f3efcbea2839574259	generated-file	generated	generated-ignore	-	-	downloaded-tokenizer-asset
wsl	/home/workbench/inference/benchmarks/tokenizers/qwen36-35b-a3b-nvfp4/config.json	2af7513fb092e80e64480b8a9155c1347f6a742c958aa35448b0842f5fdaeac8	generated-file	generated	generated-ignore	-	-	generated-file
wsl	/home/workbench/inference/benchmarks/tokenizers/qwen36-35b-a3b-nvfp4/generation_config.json	252e0efee3ded327704912616f3493a227cdc39eb4bab52fcae1ceb3ed5dc890	generated-file	generated	generated-ignore	-	-	generated-file
wsl	/home/workbench/inference/benchmarks/tokenizers/qwen36-35b-a3b-nvfp4/tokenizer.json	dd6b8cf757c22939ad262adb1077fa3b8e7cbb89054bc2507630b0f6aafd80ae	generated-file	generated	generated-ignore	-	-	generated-file
wsl	/home/workbench/inference/benchmarks/tokenizers/qwen36-35b-a3b-nvfp4/tokenizer_config.json	6fc6ce2bc1e9288b65b6e271fa5df1dcf6deb461fb01b2f441ea5a8ed4598cc1	generated-file	generated	generated-ignore	-	-	generated-file
wsl	/home/workbench/inference/benchmarks/tune-dflash-extended.sh	acbb9ee3ab80161b6c424e4b0f53a148e2faa3c4d545aefaae874380b19e07f8	source-file	workspace-source	import	benchmarks/tune-dflash-extended.sh	acbb9ee3ab80161b6c424e4b0f53a148e2faa3c4d545aefaae874380b19e07f8	identity
wsl	/home/workbench/inference/benchmarks/vllm_ctx_sweep.sh	165f5bac0d8a85d891c4c05d840e16d3f7243ba2a48ac40f3cc0b8b010099f6d	source-file	workspace-source	import	benchmarks/vllm_ctx_sweep.sh	165f5bac0d8a85d891c4c05d840e16d3f7243ba2a48ac40f3cc0b8b010099f6d	identity
wsl	/home/workbench/inference/benchmarks/vllm_spec_tune_local.sh	bc08a8cc2df1a6bf2be47f4a0e985144b2c8760a110d59d0a0670056079cf29e	source-file	workspace-source	import	benchmarks/vllm_spec_tune_local.sh	bc08a8cc2df1a6bf2be47f4a0e985144b2c8760a110d59d0a0670056079cf29e	identity
wsl	/home/workbench/inference/dflash-tune-27b.log	e56dfe2bfca4fe98533382713eddc18ddc386773e16cecc654f801d8bf6a1e25	generated-file	generated	generated-ignore	-	-	generated-file
wsl	/home/workbench/inference/dflash-tune-local-nvfp4-20260707-073536.log	543ce903c0800e6fb0cbcfef071bca48dcf9c10f80cfa3cf8a3a3aee4b93bbc8	generated-file	generated	generated-ignore	-	-	generated-file
wsl	/home/workbench/inference/dflash-tune-local-nvfp4-20260707-084427.log	220a4b5a97711b1a5acd016c831b54881ebee5841315fdc0259a6fab76a82e5e	generated-file	generated	generated-ignore	-	-	generated-file
wsl	/home/workbench/inference/dflash-tune-local-nvfp4-designprompt-20260707-171626.log	361400fe6d6ca36a0659672fdc9c3820bdf96ec99015ba29e930e5682f3bdcf9	generated-file	generated	generated-ignore	-	-	generated-file
wsl	/home/workbench/inference/dflash-tune-local-nvfp4-refine-20260707-170729.log	44985e6388bb5a7a2de4a3bde666694152c8e43e1d5fc5d528e42912fc305ce2	generated-file	generated	generated-ignore	-	-	generated-file
wsl	/home/workbench/inference/docker/Dockerfile	71a016cd1d5260d72291a8f0a824f3d94f8235dea062b349f55f33e04398b6ee	source-file	workspace-source	import	docker/Dockerfile	71a016cd1d5260d72291a8f0a824f3d94f8235dea062b349f55f33e04398b6ee	identity
wsl	/home/workbench/inference/docker/Dockerfile.aeon-x86	30f7e61aef6041b0041a7b7d1a0dda1caaeaab3621a2b214941dfce12fe5bce2	source-file	workspace-source	import	docker/Dockerfile.aeon-x86	30f7e61aef6041b0041a7b7d1a0dda1caaeaab3621a2b214941dfce12fe5bce2	identity
wsl	/home/workbench/inference/docker/Dockerfile.dflash	2d66fed474fb1ad709baf6a8cf8e2f0f960c6ff63bf7f9a9d2ff0c67274a7830	source-file	workspace-source	import	docker/Dockerfile.dflash	2d66fed474fb1ad709baf6a8cf8e2f0f960c6ff63bf7f9a9d2ff0c67274a7830	identity
wsl	/home/workbench/inference/docker/Dockerfile.vllm-latest	26a58c7177a22916b6256fdcef249abd9c71bc5849f1891aaaa7b008df0af3c8	source-file	workspace-source	import	docker/Dockerfile.vllm-latest	26a58c7177a22916b6256fdcef249abd9c71bc5849f1891aaaa7b008df0af3c8	identity
wsl	/home/workbench/inference/eagle3-tune-27b.log	e50100a311ecf3cb95a529e19cbd9e487fe8fb97b20686ded0b6d19b17bd3e43	generated-file	generated	generated-ignore	-	-	generated-file
wsl	/home/workbench/inference/experiments/b12x/0001-b12x-nvfp4.patch	86ac949e0679986bb8a3b0e9e005d8ef4ef7d305075495c466097fc6e5495b80	source-file	workspace-source	import	experiments/b12x/0001-b12x-nvfp4.patch	86ac949e0679986bb8a3b0e9e005d8ef4ef7d305075495c466097fc6e5495b80	identity
wsl	/home/workbench/inference/experiments/b12x/BUILD_REPORT.txt	654e7f690d87f582932513fd83732147f1b043bdf3a3ac026f0a0d7a318bc871	generated-file	generated	generated-ignore	-	-	generated-build-report
wsl	/home/workbench/inference/experiments/b12x/Dockerfile	46d1797621181aa8a496a61002ad89c52d5cc1ad6babe3ca7c6c565bde7fea62	source-file	workspace-source	import	experiments/b12x/Dockerfile	46d1797621181aa8a496a61002ad89c52d5cc1ad6babe3ca7c6c565bde7fea62	identity
wsl	/home/workbench/inference/experiments/b12x/base-vllm.sha256	7ac356cb647efd54f6faea79505853b3be57bcd6de88b0aeece58f2e73cdd2b7	source-file	workspace-source	import	experiments/b12x/base-vllm.sha256	7ac356cb647efd54f6faea79505853b3be57bcd6de88b0aeece58f2e73cdd2b7	identity
wsl	/home/workbench/inference/experiments/b12x/model-overrides.sha256	ab3237f8634a0075419ac4ac861a58d283d92d00631874da489b21cb388885b4	source-file	workspace-source	import	experiments/b12x/model-overrides.sha256	ab3237f8634a0075419ac4ac861a58d283d92d00631874da489b21cb388885b4	identity
wsl	/home/workbench/inference/experiments/b12x/requirements.lock	a4d2ba61c62aeb19d591cfc1f5733fda0801d51f491ff72f8ecb96b1e0d96031	source-file	workspace-source	import	experiments/b12x/requirements.lock	a4d2ba61c62aeb19d591cfc1f5733fda0801d51f491ff72f8ecb96b1e0d96031	identity
wsl	/home/workbench/inference/experiments/b12x/results.json	128a80221bd97574c51aa81d6f08b01a6313e65c6231a05403d6346cf93acf51	generated-file	generated	generated-ignore	-	-	generated-result
wsl	/home/workbench/inference/experiments/b12x/serve-b12x.sh	cb39d25b03ed15662a2b7dd5035241570058d06f80ff541817d9613cbf283fbb	source-file	workspace-source	import	experiments/b12x/serve-b12x.sh	cb39d25b03ed15662a2b7dd5035241570058d06f80ff541817d9613cbf283fbb	identity
wsl	/home/workbench/inference/experiments/b12x/verify_install.py	f4ee257700e4ee48d2d3addcce8dd567cc176086965b42e6f3516dfb7e356fe1	source-file	workspace-source	import	experiments/b12x/verify_install.py	f4ee257700e4ee48d2d3addcce8dd567cc176086965b42e6f3516dfb7e356fe1	identity
wsl	/home/workbench/inference/experiments/baseline.json	1fea36dfd9d967134c569255e6bc0507c499d8238616744fd810b13d9d7bc219	generated-file	generated	generated-ignore	-	-	generated-result
wsl	/home/workbench/inference/experiments/benchmark-5000	-	excluded-root	generated-experiment-output	generated-ignore	-	-	excluded-root
wsl	/home/workbench/inference/experiments/benchmark-5000-request.json	2943beb29dbe57845b271c3d607c03c31a6a09dced82881e7628f421068e6154	source-file	workspace-source	import	experiments/benchmark-5000-request.json	2943beb29dbe57845b271c3d607c03c31a6a09dced82881e7628f421068e6154	identity
wsl	/home/workbench/inference/experiments/current-flashinfer-nvfp4.py	cb3280b0620f246b8be5763424c5c205ab38556c93e14e9e8f51c7222c01f117	source-file	workspace-source	import	experiments/current-flashinfer-nvfp4.py	cb3280b0620f246b8be5763424c5c205ab38556c93e14e9e8f51c7222c01f117	identity
wsl	/home/workbench/inference/experiments/current-nvfp4-utils.py	ed665537e42580e82ae71bb4f2ce8a699c0ffe8a042947c4eb600107c0b924ba	source-file	workspace-source	import	experiments/current-nvfp4-utils.py	ed665537e42580e82ae71bb4f2ce8a699c0ffe8a042947c4eb600107c0b924ba	identity
wsl	/home/workbench/inference/experiments/fp8-tiles/Dockerfile	13dd07cc33233667698b8cc43482a499d2092006750489168034262e7640a601	source-file	workspace-source	import	experiments/fp8-tiles/Dockerfile	13dd07cc33233667698b8cc43482a499d2092006750489168034262e7640a601	identity
wsl	/home/workbench/inference/experiments/fp8-tiles/build_candidate.sh	d627d6d1fdf2883aa446f1605b70b8f37d960b42e4fa36fa722d7101e3279afe	source-file	workspace-source	import	experiments/fp8-tiles/build_candidate.sh	d627d6d1fdf2883aa446f1605b70b8f37d960b42e4fa36fa722d7101e3279afe	identity
wsl	/home/workbench/inference/experiments/fp8-tiles/generated_tactics.hpp	c7ada636c34001117a2274dc3b767669f06e207e3b22276e65241c2faa929e6a	generated-file	generated	generated-ignore	-	-	generated-tuning-artifact
wsl	/home/workbench/inference/experiments/fp8-tiles/patch_cutlass_blockwise_small_n.py	99ba034cc69af9880adcf267b7dbc4afa86ce86bdb1505729d1d4de57c5a423b	source-file	workspace-source	import	experiments/fp8-tiles/patch_cutlass_blockwise_small_n.py	99ba034cc69af9880adcf267b7dbc4afa86ce86bdb1505729d1d4de57c5a423b	identity
wsl	/home/workbench/inference/experiments/fp8-tiles/qwen35-a3b-shapes/shape_manifest.json	e3905eed64ebc48507f67fcadc0b7aa8b3dac2ce531c960165979e103e67a0ee	generated-file	generated	generated-ignore	-	-	generated-tuning-artifact
wsl	/home/workbench/inference/experiments/fp8-tiles/results.json	ce40f301283950d83305f1d3ab710fb51bf9f312eadf93a7f34a35d11e0adc0e	generated-file	generated	generated-ignore	-	-	generated-result
wsl	/home/workbench/inference/experiments/fp8-tiles/run_tuning.sh	e2413af88b3adb3d861b6d98148f0c921e421bfe2156c1de1e95dc743566f8f6	source-file	workspace-source	import	experiments/fp8-tiles/run_tuning.sh	e2413af88b3adb3d861b6d98148f0c921e421bfe2156c1de1e95dc743566f8f6	identity
wsl	/home/workbench/inference/experiments/fp8-tiles/tune_fp8_tiles.py	eaa6e058ec7e695dda3735d8b18c1a1758c250d8508610518b577b256d8a11c9	source-file	workspace-source	import	experiments/fp8-tiles/tune_fp8_tiles.py	eaa6e058ec7e695dda3735d8b18c1a1758c250d8508610518b577b256d8a11c9	identity
wsl	/home/workbench/inference/experiments/fp8-tiles/tuning/shape_manifest.json	e93647b6887417dc3d716297615f7c6d7fa413d98e1101bda84b1f11bd2ac946	generated-file	generated	generated-ignore	-	-	generated-tuning-artifact
wsl	/home/workbench/inference/experiments/fp8-tiles/tuning/tile_16.json	3ee03c4f3d116feddc710cfc5fa0c2ead2a6c88861b739d763ae73aa3b63efbb	generated-file	generated	generated-ignore	-	-	generated-tuning-artifact
wsl	/home/workbench/inference/experiments/fp8-tiles/tuning/tile_32.json	612ebb2e0efcb0ba1dd1f248326a0042e0f23d24adb2045722f0072b2129742d	generated-file	generated	generated-ignore	-	-	generated-tuning-artifact
wsl	/home/workbench/inference/experiments/fp8-tiles/tuning/tile_8.json	9dbfbf5ed374b092b92a0103d1166ca3113d6352ea64d6d5f4626e6574e51868	generated-file	generated	generated-ignore	-	-	generated-tuning-artifact
wsl	/home/workbench/inference/experiments/fp8-tiles/tuning/tuning_summary.json	e79f12d2ef11715822f87101a0d47aa3e5e7cf572f26268aca27e45f467f43af	generated-file	generated	generated-ignore	-	-	generated-result
wsl	/home/workbench/inference/experiments/fp8-tiles/vllm-cutlass46-sm120-fp8-tiles.patch	287a6eda089ac85be54504442314499ec2089b24c23d68f85a6b67c92e83d5c2	source-file	workspace-source	import	experiments/fp8-tiles/vllm-cutlass46-sm120-fp8-tiles.patch	287a6eda089ac85be54504442314499ec2089b24c23d68f85a6b67c92e83d5c2	identity
wsl	/home/workbench/inference/experiments/grouped-knorm/.dockerignore	acb08a67afdc63605c04a97c93f80605ee71b05cae391fbd4485bf73b383d655	source-file	workspace-source	import	experiments/grouped-knorm/.dockerignore	acb08a67afdc63605c04a97c93f80605ee71b05cae391fbd4485bf73b383d655	identity
wsl	/home/workbench/inference/experiments/grouped-knorm/0001-grouped-dflash-knorm.patch	620cc13a5d272e9423af35d9a215ba420d747cb84ca35d72a378a4026eb49f69	source-file	workspace-source	import	experiments/grouped-knorm/0001-grouped-dflash-knorm.patch	620cc13a5d272e9423af35d9a215ba420d747cb84ca35d72a378a4026eb49f69	identity
wsl	/home/workbench/inference/experiments/grouped-knorm/Dockerfile	bf67dc0ed0e5c5fa2c56f9dd95db2b70f6ea800af3c0663a474b41362d940115	source-file	workspace-source	import	experiments/grouped-knorm/Dockerfile	bf67dc0ed0e5c5fa2c56f9dd95db2b70f6ea800af3c0663a474b41362d940115	identity
wsl	/home/workbench/inference/experiments/grouped-knorm/README.md	157d27f7aac21ee66e2e3d1b9adc7104b2bb66399268e21970f7fe4cb6655654	source-file	workspace-source	import	experiments/grouped-knorm/README.md	157d27f7aac21ee66e2e3d1b9adc7104b2bb66399268e21970f7fe4cb6655654	identity
wsl	/home/workbench/inference/experiments/grouped-knorm/build.sh	34c8d1948cdae710989425442c07b167cad7c81390d88d4ac7783e97902ebdd4	source-file	workspace-source	import	experiments/grouped-knorm/build.sh	34c8d1948cdae710989425442c07b167cad7c81390d88d4ac7783e97902ebdd4	identity
wsl	/home/workbench/inference/experiments/grouped-knorm/probe_grouped_knorm.py	5b85459ab262169c16abe73c7800f88a991d5e2557d5eea7f40f0219bfc8a7c3	source-file	workspace-source	import	experiments/grouped-knorm/probe_grouped_knorm.py	5b85459ab262169c16abe73c7800f88a991d5e2557d5eea7f40f0219bfc8a7c3	identity
wsl	/home/workbench/inference/experiments/grouped-knorm/results.json	266677cc521a37c3e6c2ab618b3804dde58579545ddbb5158484961c69f01744	generated-file	generated	generated-ignore	-	-	generated-result
wsl	/home/workbench/inference/experiments/grouped-knorm/run_probe.sh	c08e1d7b7ac0f79feeabe8621f8cb8e9dcb6661148b553fd753a8f4f3f286c0a	source-file	workspace-source	import	experiments/grouped-knorm/run_probe.sh	c08e1d7b7ac0f79feeabe8621f8cb8e9dcb6661148b553fd753a8f4f3f286c0a	identity
wsl	/home/workbench/inference/experiments/mrv2/Dockerfile	6730eb4b39288dbccf5f474c269b595644fcd8b18a8db5ecd88fd70e23a9ebda	source-file	workspace-source	import	experiments/mrv2/Dockerfile	6730eb4b39288dbccf5f474c269b595644fcd8b18a8db5ecd88fd70e23a9ebda	identity
wsl	/home/workbench/inference/experiments/mrv2/README.md	7d608e209aaac8416673f453831967dc62a7d4dbd5033e1f29212ee90b534c2c	source-file	workspace-source	import	experiments/mrv2/README.md	7d608e209aaac8416673f453831967dc62a7d4dbd5033e1f29212ee90b534c2c	identity
wsl	/home/workbench/inference/experiments/mrv2/build.sh	6beb446fedcdcc61f1208832cd8a15e88b691e94f40fa980f0a6921ee082f725	source-file	workspace-source	import	experiments/mrv2/build.sh	6beb446fedcdcc61f1208832cd8a15e88b691e94f40fa980f0a6921ee082f725	identity
wsl	/home/workbench/inference/experiments/mrv2/reconcile_modelopt_fixes.py	27cc8d791f963f97c901de452f284a01250e658456acffb4170c7a621863ecbe	source-file	workspace-source	import	experiments/mrv2/reconcile_modelopt_fixes.py	27cc8d791f963f97c901de452f284a01250e658456acffb4170c7a621863ecbe	identity
wsl	/home/workbench/inference/experiments/mrv2/run_block.sh	e031f913da3d4343650a308aeacd4934f648dc6bc24defbac998aa305e557db0	source-file	workspace-source	import	experiments/mrv2/run_block.sh	e031f913da3d4343650a308aeacd4934f648dc6bc24defbac998aa305e557db0	identity
wsl	/home/workbench/inference/experiments/mrv2/run_standard.sh	e4058c09b7febe0b1297c2b6241023dd3b87a86b82de771ac59275a33acc1b30	source-file	workspace-source	import	experiments/mrv2/run_standard.sh	e4058c09b7febe0b1297c2b6241023dd3b87a86b82de771ac59275a33acc1b30	identity
wsl	/home/workbench/inference/experiments/mrv2/run_variant.sh	7b5a3930d9850dbdb1103e515708200aa3acc0bd736f102ca9f7ef2b6904c95c	source-file	workspace-source	import	experiments/mrv2/run_variant.sh	7b5a3930d9850dbdb1103e515708200aa3acc0bd736f102ca9f7ef2b6904c95c	identity
wsl	/home/workbench/inference/experiments/mrv2/serve_block.sh	6a39db4b0423eed65c54cc50c186c379b358625228a95de85ada8e8bbc0f47e0	source-file	workspace-source	import	experiments/mrv2/serve_block.sh	6a39db4b0423eed65c54cc50c186c379b358625228a95de85ada8e8bbc0f47e0	identity
wsl	/home/workbench/inference/experiments/mrv2/serve_mrv2.sh	20bac19aa2df93b2b70ae635e03832798bb2b894656d280b3bda3ae4ad50e397	source-file	workspace-source	import	experiments/mrv2/serve_mrv2.sh	20bac19aa2df93b2b70ae635e03832798bb2b894656d280b3bda3ae4ad50e397	identity
wsl	/home/workbench/inference/experiments/mrv2/serve_standard.sh	012b7cdb06df1d0bb2a572ac238d860f47f32bb1bf91ad51a32af255277a9b02	source-file	workspace-source	import	experiments/mrv2/serve_standard.sh	012b7cdb06df1d0bb2a572ac238d860f47f32bb1bf91ad51a32af255277a9b02	identity
wsl	/home/workbench/inference/experiments/mrv2/verify_image.py	0cdd64680808440b918b08439b100815742b1f362a8941d44cb2736000d635d6	source-file	workspace-source	import	experiments/mrv2/verify_image.py	0cdd64680808440b918b08439b100815742b1f362a8941d44cb2736000d635d6	identity
wsl	/home/workbench/inference/experiments/padded-quant/0001-padded-nvfp4-output.patch	bb76ca091b997a7facef43e499647bf3a787639de0e4821c78ef40a44fbdb156	source-file	workspace-source	import	experiments/padded-quant/0001-padded-nvfp4-output.patch	bb76ca091b997a7facef43e499647bf3a787639de0e4821c78ef40a44fbdb156	identity
wsl	/home/workbench/inference/experiments/padded-quant/Dockerfile	c8a7ce60960a95199f32e280ff1ad0af9f796b476e1f598edac8f1cb02941e01	source-file	workspace-source	import	experiments/padded-quant/Dockerfile	c8a7ce60960a95199f32e280ff1ad0af9f796b476e1f598edac8f1cb02941e01	identity
wsl	/home/workbench/inference/experiments/padded-quant/build-image.sh	53a43eaef040d7908876e6b0dfef7f9bf108c29b8b4a711b74b2d4d0dcee095a	source-file	workspace-source	import	experiments/padded-quant/build-image.sh	53a43eaef040d7908876e6b0dfef7f9bf108c29b8b4a711b74b2d4d0dcee095a	identity
wsl	/home/workbench/inference/experiments/padded-quant/probe_padded_nvfp4.py	0f79e9dfdde7824f9c268bac398b2a3f5cc30e5f850bf333871b478a04ad0219	source-file	workspace-source	import	experiments/padded-quant/probe_padded_nvfp4.py	0f79e9dfdde7824f9c268bac398b2a3f5cc30e5f850bf333871b478a04ad0219	identity
wsl	/home/workbench/inference/experiments/padded-quant/probe_weights_padding_cols.py	d2b948c02b11f7df43e78ce1e19a37be07a7993faf6884d803e77d852b469adb	source-file	workspace-source	import	experiments/padded-quant/probe_weights_padding_cols.py	d2b948c02b11f7df43e78ce1e19a37be07a7993faf6884d803e77d852b469adb	identity
wsl	/home/workbench/inference/experiments/padded-quant/run-probe.sh	f5e73770020d10b1e939b3e8ba5ba128ad79fb53bfd2d2dc5332416a329b7230	source-file	workspace-source	import	experiments/padded-quant/run-probe.sh	f5e73770020d10b1e939b3e8ba5ba128ad79fb53bfd2d2dc5332416a329b7230	identity
wsl	/home/workbench/inference/experiments/qwen36-27b-hybrid-depth-study/Dockerfile.recovered-uva	aa5c1b36c5311eb57176081bb66e0f1d41db08d1dd198fcbf06f0c00c67d12f2	source-file	workspace-source	import	experiments/qwen36-27b-hybrid-depth-study/Dockerfile.recovered-uva	aa5c1b36c5311eb57176081bb66e0f1d41db08d1dd198fcbf06f0c00c67d12f2	identity
wsl	/home/workbench/inference/experiments/qwen36-27b-hybrid-depth-study/Dockerfile.spark1-thinkingcap-spec	ec917046282f69ba21a84836c60cd8d87824de2f7d6fa48e2e01816813a47a0b	source-file	workspace-source	import	experiments/qwen36-27b-hybrid-depth-study/Dockerfile.spark1-thinkingcap-spec	ec917046282f69ba21a84836c60cd8d87824de2f7d6fa48e2e01816813a47a0b	identity
wsl	/home/workbench/inference/experiments/qwen36-27b-hybrid-depth-study/__pycache__	-	excluded-root	generated-ignore	generated-ignore	-	-	excluded-root
wsl	/home/workbench/inference/experiments/qwen36-27b-hybrid-depth-study/analyze_multiboundary_sse.py	9dbc9cdbd5a502fbed4dc0660e0dd12a21e53bc552d2ddd4a83714fb2b9f4280	source-file	workspace-source	import	experiments/qwen36-27b-hybrid-depth-study/analyze_multiboundary_sse.py	9dbc9cdbd5a502fbed4dc0660e0dd12a21e53bc552d2ddd4a83714fb2b9f4280	identity
wsl	/home/workbench/inference/experiments/qwen36-27b-hybrid-depth-study/analyze_token_boundaries.py	310aaf6e985cc86349e91096938a0f4c8908d2b67de4a837c86719a1a457175e	source-file	workspace-source	import	experiments/qwen36-27b-hybrid-depth-study/analyze_token_boundaries.py	310aaf6e985cc86349e91096938a0f4c8908d2b67de4a837c86719a1a457175e	identity
wsl	/home/workbench/inference/experiments/qwen36-27b-hybrid-depth-study/audit_multiboundary_results.py	488ac06d872855afe02b60d272797e594e7b141da78ed993633df6a9a0978416	source-file	workspace-source	import	experiments/qwen36-27b-hybrid-depth-study/audit_multiboundary_results.py	488ac06d872855afe02b60d272797e594e7b141da78ed993633df6a9a0978416	identity
wsl	/home/workbench/inference/experiments/qwen36-27b-hybrid-depth-study/build_multiboundary_corpus.py	2f73ecd7d0453fd5c03a6e74703b1f676bf9bc10af456d041c67b8cffbb7771c	source-file	workspace-source	import	experiments/qwen36-27b-hybrid-depth-study/build_multiboundary_corpus.py	2f73ecd7d0453fd5c03a6e74703b1f676bf9bc10af456d041c67b8cffbb7771c	identity
wsl	/home/workbench/inference/experiments/qwen36-27b-hybrid-depth-study/causal-base-mamba-hybrid.py	18d3360f36243a242fe9edd57bf75be3e59c716d7b7c1983f66d429ac4a92eeb	source-file	workspace-source	import	experiments/qwen36-27b-hybrid-depth-study/causal-base-mamba-hybrid.py	18d3360f36243a242fe9edd57bf75be3e59c716d7b7c1983f66d429ac4a92eeb	identity
wsl	/home/workbench/inference/experiments/qwen36-27b-hybrid-depth-study/causal-base-sources/_custom_ops.py	697b492862a499a6cece82a9750d453138f5e5fa01482fafc376b7f9d8a84261	source-file	workspace-source	import	experiments/qwen36-27b-hybrid-depth-study/causal-base-sources/_custom_ops.py	697b492862a499a6cece82a9750d453138f5e5fa01482fafc376b7f9d8a84261	identity
wsl	/home/workbench/inference/experiments/qwen36-27b-hybrid-depth-study/causal-base-sources/mamba_attn.py	db599499c307bc0021188bbb585752f7e322ea982e4d8a89dd14f067f44e3968	source-file	workspace-source	import	experiments/qwen36-27b-hybrid-depth-study/causal-base-sources/mamba_attn.py	db599499c307bc0021188bbb585752f7e322ea982e4d8a89dd14f067f44e3968	identity
wsl	/home/workbench/inference/experiments/qwen36-27b-hybrid-depth-study/causal-base-sources/mamba_mixer2.py	d0ab5da9a58301d7de974b2187b73c294903f61cbad7fece132dc6961011d652	source-file	workspace-source	import	experiments/qwen36-27b-hybrid-depth-study/causal-base-sources/mamba_mixer2.py	d0ab5da9a58301d7de974b2187b73c294903f61cbad7fece132dc6961011d652	identity
wsl	/home/workbench/inference/experiments/qwen36-27b-hybrid-depth-study/causal-fix/Dockerfile	4ebdcb9ad6b9b923f5fee897b644ca82957aaff7d0b3e0f6e4328b54ab04b5ef	source-file	workspace-source	import	experiments/qwen36-27b-hybrid-depth-study/causal-fix/Dockerfile	4ebdcb9ad6b9b923f5fee897b644ca82957aaff7d0b3e0f6e4328b54ab04b5ef	identity
wsl	/home/workbench/inference/experiments/qwen36-27b-hybrid-depth-study/causal-fix/Dockerfile.combined	6ab9090d681c3bb69a547c263b22efcfabca52cd9d0add19335cb3d9015cc66a	source-file	workspace-source	import	experiments/qwen36-27b-hybrid-depth-study/causal-fix/Dockerfile.combined	6ab9090d681c3bb69a547c263b22efcfabca52cd9d0add19335cb3d9015cc66a	identity
wsl	/home/workbench/inference/experiments/qwen36-27b-hybrid-depth-study/causal-fix/Dockerfile.trace	b5377b5192ab2cadd4c136e654dde63f48fa39885958ced20500c3e6076ae699	source-file	workspace-source	import	experiments/qwen36-27b-hybrid-depth-study/causal-fix/Dockerfile.trace	b5377b5192ab2cadd4c136e654dde63f48fa39885958ced20500c3e6076ae699	identity
wsl	/home/workbench/inference/experiments/qwen36-27b-hybrid-depth-study/causal-fix/__pycache__	-	excluded-root	generated-ignore	generated-ignore	-	-	excluded-root
wsl	/home/workbench/inference/experiments/qwen36-27b-hybrid-depth-study/causal-fix/mamba-state-commit-fix.diff	1971421aa5e044fe42c64f9bd22c6b76cf54b9e37cb497ccfbf719bab1a3a571	source-file	workspace-source	import	experiments/qwen36-27b-hybrid-depth-study/causal-fix/mamba-state-commit-fix.diff	1971421aa5e044fe42c64f9bd22c6b76cf54b9e37cb497ccfbf719bab1a3a571	identity
wsl	/home/workbench/inference/experiments/qwen36-27b-hybrid-depth-study/causal-fix/mamba-state-commit-trace.diff	811684cbc960e3d1c1698f73e3ae15720ba8a2fbad5ffa9273200216dc9742d1	source-file	workspace-source	import	experiments/qwen36-27b-hybrid-depth-study/causal-fix/mamba-state-commit-trace.diff	811684cbc960e3d1c1698f73e3ae15720ba8a2fbad5ffa9273200216dc9742d1	identity
wsl	/home/workbench/inference/experiments/qwen36-27b-hybrid-depth-study/causal-fix/mamba_attn.py	aa6ddcb8eccc282751bbc31bff021aa11db809bd3e7c8e29b88c8dc247f603bc	source-file	workspace-source	import	experiments/qwen36-27b-hybrid-depth-study/causal-fix/mamba_attn.py	aa6ddcb8eccc282751bbc31bff021aa11db809bd3e7c8e29b88c8dc247f603bc	identity
wsl	/home/workbench/inference/experiments/qwen36-27b-hybrid-depth-study/causal-fix/mamba_hybrid.py	749663372d456c27bb724ef8da1a25ba9f10812ce07c05412d0c028651a36315	source-file	workspace-source	import	experiments/qwen36-27b-hybrid-depth-study/causal-fix/mamba_hybrid.py	749663372d456c27bb724ef8da1a25ba9f10812ce07c05412d0c028651a36315	identity
wsl	/home/workbench/inference/experiments/qwen36-27b-hybrid-depth-study/causal-fix/mamba_hybrid_trace.py	8ef211cdae5269278f884d96554d7b311c85d94cf0f53880f70949d84952d5a8	source-file	workspace-source	import	experiments/qwen36-27b-hybrid-depth-study/causal-fix/mamba_hybrid_trace.py	8ef211cdae5269278f884d96554d7b311c85d94cf0f53880f70949d84952d5a8	identity
wsl	/home/workbench/inference/experiments/qwen36-27b-hybrid-depth-study/causal-fix/mamba_mixer2.py	1a068f098e814aeaffc51d24de56d54a761d475e67606992d93d2226eb3031fb	source-file	workspace-source	import	experiments/qwen36-27b-hybrid-depth-study/causal-fix/mamba_mixer2.py	1a068f098e814aeaffc51d24de56d54a761d475e67606992d93d2226eb3031fb	identity
wsl	/home/workbench/inference/experiments/qwen36-27b-hybrid-depth-study/causal-fix/retained-kernel-state-patch.diff	7d8632c798b5071a79bd1a4e29cd5d622dbb9f5c5ade648328d0058495449a81	source-file	workspace-source	import	experiments/qwen36-27b-hybrid-depth-study/causal-fix/retained-kernel-state-patch.diff	7d8632c798b5071a79bd1a4e29cd5d622dbb9f5c5ade648328d0058495449a81	identity
wsl	/home/workbench/inference/experiments/qwen36-27b-hybrid-depth-study/causal-fix/test_mamba_hybrid_state_commit.py	bc4326be6416f0e2d5a3a02676a390aa32cd284ee8380af232c3a69c712c6a54	source-file	workspace-source	import	experiments/qwen36-27b-hybrid-depth-study/causal-fix/test_mamba_hybrid_state_commit.py	bc4326be6416f0e2d5a3a02676a390aa32cd284ee8380af232c3a69c712c6a54	identity
wsl	/home/workbench/inference/experiments/qwen36-27b-hybrid-depth-study/causal-fix/unit-test-results.json	91e3f9918fe1d9776769f049abdc854ecc20777a1e5e7f08c9594014754b6201	generated-file	generated	generated-ignore	-	-	generated-result
wsl	/home/workbench/inference/experiments/qwen36-27b-hybrid-depth-study/causal-protocol.json	fcdf6dea5988e7569444bb729e0785c6ea6aefd976f1845edecd6e80cfc5efd8	source-file	workspace-source	import	experiments/qwen36-27b-hybrid-depth-study/causal-protocol.json	fcdf6dea5988e7569444bb729e0785c6ea6aefd976f1845edecd6e80cfc5efd8	identity
wsl	/home/workbench/inference/experiments/qwen36-27b-hybrid-depth-study/depth-sweep	-	excluded-root	generated-experiment-output	generated-ignore	-	-	excluded-root
wsl	/home/workbench/inference/experiments/qwen36-27b-hybrid-depth-study/depth11-original-repro	-	excluded-root	generated-experiment-output	generated-ignore	-	-	excluded-root
wsl	/home/workbench/inference/experiments/qwen36-27b-hybrid-depth-study/dflash-kv-dtype-study-20260718	-	excluded-root	generated-experiment-output	generated-ignore	-	-	excluded-root
wsl	/home/workbench/inference/experiments/qwen36-27b-hybrid-depth-study/diagnosis.json	3a9ab28f75433f555e5a92b39bd0d43dd6c54c34a499da24dab734fa87ec6251	generated-file	generated	generated-ignore	-	-	generated-result
wsl	/home/workbench/inference/experiments/qwen36-27b-hybrid-depth-study/diagnostic-protocol.json	c51df8a89eca4034e32eaf9071d4641a6d9187fcdac1064868dedc729ce2684c	source-file	workspace-source	import	experiments/qwen36-27b-hybrid-depth-study/diagnostic-protocol.json	c51df8a89eca4034e32eaf9071d4641a6d9187fcdac1064868dedc729ce2684c	identity
wsl	/home/workbench/inference/experiments/qwen36-27b-hybrid-depth-study/exact_input_batch.py	fcc7f2b3e374d8d7f6415b844e83cc1ca87c4962d9a7ec7ef0f24482aaa70661	source-file	workspace-source	import	experiments/qwen36-27b-hybrid-depth-study/exact_input_batch.py	fcc7f2b3e374d8d7f6415b844e83cc1ca87c4962d9a7ec7ef0f24482aaa70661	identity
wsl	/home/workbench/inference/experiments/qwen36-27b-hybrid-depth-study/exact_mamba_attn.py	69fbca4fd159a4b30b5b529f5bbd275ccc6024cdd55bd095cc82ce8d0b2d761a	source-file	workspace-source	import	experiments/qwen36-27b-hybrid-depth-study/exact_mamba_attn.py	69fbca4fd159a4b30b5b529f5bbd275ccc6024cdd55bd095cc82ce8d0b2d761a	identity
wsl	/home/workbench/inference/experiments/qwen36-27b-hybrid-depth-study/exact_mamba_hybrid.py	3f6f4f4158476269ce0440ed03a343c54d5f5b2789e7ae0be810ed62d192b783	source-file	workspace-source	import	experiments/qwen36-27b-hybrid-depth-study/exact_mamba_hybrid.py	3f6f4f4158476269ce0440ed03a343c54d5f5b2789e7ae0be810ed62d192b783	identity
wsl	/home/workbench/inference/experiments/qwen36-27b-hybrid-depth-study/exact_model_runner.py	43e15b66e1545ef8ba1888d96818bc8d00042d29f76df472ebdab9fa1472b62a	source-file	workspace-source	import	experiments/qwen36-27b-hybrid-depth-study/exact_model_runner.py	43e15b66e1545ef8ba1888d96818bc8d00042d29f76df472ebdab9fa1472b62a	identity
wsl	/home/workbench/inference/experiments/qwen36-27b-hybrid-depth-study/exact_platform_utils.py	0f30bb1bfc6cfc7cb8658d605b133a0a3c9c16af2ab6d0bc0f023ae46fad0b82	source-file	workspace-source	import	experiments/qwen36-27b-hybrid-depth-study/exact_platform_utils.py	0f30bb1bfc6cfc7cb8658d605b133a0a3c9c16af2ab6d0bc0f023ae46fad0b82	identity
wsl	/home/workbench/inference/experiments/qwen36-27b-hybrid-depth-study/exact_qwen_gdn_linear_attn.py	97faa7eeb0c2a3ea0c51330a45c038d8c644c57da52946692168019585c6cee6	source-file	workspace-source	import	experiments/qwen36-27b-hybrid-depth-study/exact_qwen_gdn_linear_attn.py	97faa7eeb0c2a3ea0c51330a45c038d8c644c57da52946692168019585c6cee6	identity
wsl	/home/workbench/inference/experiments/qwen36-27b-hybrid-depth-study/fixed-state-launch/serve_depth_matrix.sh	c4161623c4c8c4704b531c7e15cba8719842677ce499e1924f3f40357d80159a	source-file	workspace-source	import	experiments/qwen36-27b-hybrid-depth-study/fixed-state-launch/serve_depth_matrix.sh	c4161623c4c8c4704b531c7e15cba8719842677ce499e1924f3f40357d80159a	identity
wsl	/home/workbench/inference/experiments/qwen36-27b-hybrid-depth-study/inspect_buildkit.py	406c3f7a9db4f3000a5f2920a230a4374e4980fe827d1194e12de620119c7211	source-file	workspace-source	import	experiments/qwen36-27b-hybrid-depth-study/inspect_buildkit.py	406c3f7a9db4f3000a5f2920a230a4374e4980fe827d1194e12de620119c7211	identity
wsl	/home/workbench/inference/experiments/qwen36-27b-hybrid-depth-study/laguna-dflash-omp-v6-sweep-20260722	-	excluded-root	generated-experiment-output	generated-ignore	-	-	excluded-root
wsl	/home/workbench/inference/experiments/qwen36-27b-hybrid-depth-study/measure_depth4_runtime_exit.py	4cfd105a1e8a7e752af3e29c4a355deb7c4ec78de209c05744ab443f7c7664a6	source-file	workspace-source	import	experiments/qwen36-27b-hybrid-depth-study/measure_depth4_runtime_exit.py	4cfd105a1e8a7e752af3e29c4a355deb7c4ec78de209c05744ab443f7c7664a6	identity
wsl	/home/workbench/inference/experiments/qwen36-27b-hybrid-depth-study/multiboundary-causal-results	-	excluded-root	generated-experiment-output	generated-ignore	-	-	excluded-root
wsl	/home/workbench/inference/experiments/qwen36-27b-hybrid-depth-study/multiboundary-corpus-v1	-	excluded-root	generated-experiment-output	generated-ignore	-	-	excluded-root
wsl	/home/workbench/inference/experiments/qwen36-27b-hybrid-depth-study/multiboundary-results	-	excluded-root	generated-experiment-output	generated-ignore	-	-	excluded-root
wsl	/home/workbench/inference/experiments/qwen36-27b-hybrid-depth-study/multiboundary-trace-corpus-v1	-	excluded-root	generated-experiment-output	generated-ignore	-	-	excluded-root
wsl	/home/workbench/inference/experiments/qwen36-27b-hybrid-depth-study/omp-six-task-corpus-v6.json	-	excluded-root	generated-experiment-output	generated-ignore	-	-	excluded-root
wsl	/home/workbench/inference/experiments/qwen36-27b-hybrid-depth-study/original-hybrid-build.dockerbuild	d3dc8f997b4373499d28311e813d25e2117c7625cf3c5468ecb40022004a9872	source-file	workspace-source	import	experiments/qwen36-27b-hybrid-depth-study/original-hybrid-build.dockerbuild	d3dc8f997b4373499d28311e813d25e2117c7625cf3c5468ecb40022004a9872	identity
wsl	/home/workbench/inference/experiments/qwen36-27b-hybrid-depth-study/original-hybrid-build.tar.gz	d3dc8f997b4373499d28311e813d25e2117c7625cf3c5468ecb40022004a9872	generated-file	generated	generated-ignore	-	-	generated-file
wsl	/home/workbench/inference/experiments/qwen36-27b-hybrid-depth-study/original-hybrid-image.tar	f26df81bb1b04bf8fba886e47d563c80e7bae69839158f933b3ada6d0cf9aff3	generated-file	generated	generated-ignore	-	-	generated-file
wsl	/home/workbench/inference/experiments/qwen36-27b-hybrid-depth-study/platform_utils.py	4a8d6ea50b26f1828616d7ecc84fa8e42a339443c0c6a5a2532e2b63247cd1bf	source-file	workspace-source	import	experiments/qwen36-27b-hybrid-depth-study/platform_utils.py	4a8d6ea50b26f1828616d7ecc84fa8e42a339443c0c6a5a2532e2b63247cd1bf	identity
wsl	/home/workbench/inference/experiments/qwen36-27b-hybrid-depth-study/probe_environment.py	af80f1bb0901f74be14fa1e879cef0d9fe10e4e8d88566c5d8d87363c66783e1	source-file	workspace-source	import	experiments/qwen36-27b-hybrid-depth-study/probe_environment.py	af80f1bb0901f74be14fa1e879cef0d9fe10e4e8d88566c5d8d87363c66783e1	identity
wsl	/home/workbench/inference/experiments/qwen36-27b-hybrid-depth-study/restore_original_image.py	bf244713556e8e6fdd42aab40207fbd4af6b6ed5102278d31c9dab972c7bbbe2	source-file	workspace-source	import	experiments/qwen36-27b-hybrid-depth-study/restore_original_image.py	bf244713556e8e6fdd42aab40207fbd4af6b6ed5102278d31c9dab972c7bbbe2	identity
wsl	/home/workbench/inference/experiments/qwen36-27b-hybrid-depth-study/run_depth_candidate.py	04c666a8470831461d477cd62724e16f6f7283b6029af6e47fc5c7dced402f2e	source-file	workspace-source	import	experiments/qwen36-27b-hybrid-depth-study/run_depth_candidate.py	04c666a8470831461d477cd62724e16f6f7283b6029af6e47fc5c7dced402f2e	identity
wsl	/home/workbench/inference/experiments/qwen36-27b-hybrid-depth-study/run_depth_sweep.py	f56797e4eced21fe6a94a17a0880832e079c6951a8afe74d3a69c3589fdaae38	source-file	workspace-source	import	experiments/qwen36-27b-hybrid-depth-study/run_depth_sweep.py	f56797e4eced21fe6a94a17a0880832e079c6951a8afe74d3a69c3589fdaae38	identity
wsl	/home/workbench/inference/experiments/qwen36-27b-hybrid-depth-study/run_fixed_state_verification.py	10eeb3fde01b0f8a0fef9b4b5c09ba7e6970e6a5d8a30f2fb5cd03dfd14f29e6	source-file	workspace-source	import	experiments/qwen36-27b-hybrid-depth-study/run_fixed_state_verification.py	10eeb3fde01b0f8a0fef9b4b5c09ba7e6970e6a5d8a30f2fb5cd03dfd14f29e6	identity
wsl	/home/workbench/inference/experiments/qwen36-27b-hybrid-depth-study/run_laguna_dflash_omp_qualify.py	361df1df997b8da8450a235adb4b40fa78e0218750c397db35ad52292098edff	source-file	workspace-source	import	experiments/qwen36-27b-hybrid-depth-study/run_laguna_dflash_omp_qualify.py	361df1df997b8da8450a235adb4b40fa78e0218750c397db35ad52292098edff	identity
wsl	/home/workbench/inference/experiments/qwen36-27b-hybrid-depth-study/run_laguna_dflash_omp_sweep.py	04a35a987ebb047be7b2483fae3d15bc8dfc16b78b9e0f1706ba981fb19355b8	source-file	workspace-source	import	experiments/qwen36-27b-hybrid-depth-study/run_laguna_dflash_omp_sweep.py	04a35a987ebb047be7b2483fae3d15bc8dfc16b78b9e0f1706ba981fb19355b8	identity
wsl	/home/workbench/inference/experiments/qwen36-27b-hybrid-depth-study/run_multiboundary_candidate.py	2b4b6372560d91ad23f47517599be8a6c8e73d0b0ba046f5e13c891f756918af	source-file	workspace-source	import	experiments/qwen36-27b-hybrid-depth-study/run_multiboundary_candidate.py	2b4b6372560d91ad23f47517599be8a6c8e73d0b0ba046f5e13c891f756918af	identity
wsl	/home/workbench/inference/experiments/qwen36-27b-hybrid-depth-study/run_multiboundary_sweep.py	554edf3d1c0ee7bdef0fe538b976c45513ecd57a529d109fda85d2e1ff9fcdee	source-file	workspace-source	import	experiments/qwen36-27b-hybrid-depth-study/run_multiboundary_sweep.py	554edf3d1c0ee7bdef0fe538b976c45513ecd57a529d109fda85d2e1ff9fcdee	identity
wsl	/home/workbench/inference/experiments/qwen36-27b-hybrid-depth-study/run_omp_candidate.py	2e3cac18499bdcdac11b42dd0bb3a7ecd11e6cb8c34337ff2f2b5dcb59ec1365	source-file	workspace-source	import	experiments/qwen36-27b-hybrid-depth-study/run_omp_candidate.py	2e3cac18499bdcdac11b42dd0bb3a7ecd11e6cb8c34337ff2f2b5dcb59ec1365	identity
wsl	/home/workbench/inference/experiments/qwen36-27b-hybrid-depth-study/run_thinkingcap_spec_sweep.py	d847581f9282ce9ab292467667420997f7f4c084ea34e9b7862e63fe0090b65e	source-file	workspace-source	import	experiments/qwen36-27b-hybrid-depth-study/run_thinkingcap_spec_sweep.py	d847581f9282ce9ab292467667420997f7f4c084ea34e9b7862e63fe0090b65e	identity
wsl	/home/workbench/inference/experiments/qwen36-27b-hybrid-depth-study/serve_depth_matrix.sh	b570583dbc38ea56bffd883725f3ae4c8d605efe5be6885241145c51af2fdc0d	source-file	workspace-source	import	experiments/qwen36-27b-hybrid-depth-study/serve_depth_matrix.sh	b570583dbc38ea56bffd883725f3ae4c8d605efe5be6885241145c51af2fdc0d	identity
wsl	/home/workbench/inference/experiments/qwen36-27b-hybrid-depth-study/state-matrix.json	edf0e4ac947509d57aa515828a5a2373ac5d77b1e1b987771876961688549ef5	generated-file	generated	generated-ignore	-	-	generated-result
wsl	/home/workbench/inference/experiments/qwen36-27b-hybrid-depth-study/state_commit_oracle.py	cd6a98802ea9c415ef42704f050bbcc30bf220c53241eb2ae2b026eb8e3e84b7	source-file	workspace-source	import	experiments/qwen36-27b-hybrid-depth-study/state_commit_oracle.py	cd6a98802ea9c415ef42704f050bbcc30bf220c53241eb2ae2b026eb8e3e84b7	identity
wsl	/home/workbench/inference/experiments/qwen36-27b-hybrid-depth-study/summarize_multiboundary_causal.py	e8074a5c18675dfe1273af8b1a8a04002b57c9221740169dff350216565512be	source-file	workspace-source	import	experiments/qwen36-27b-hybrid-depth-study/summarize_multiboundary_causal.py	e8074a5c18675dfe1273af8b1a8a04002b57c9221740169dff350216565512be	identity
wsl	/home/workbench/inference/experiments/qwen36-27b-hybrid-depth-study/sweep-smoke	-	excluded-root	generated-experiment-output	generated-ignore	-	-	excluded-root
wsl	/home/workbench/inference/experiments/qwen36-27b-hybrid-depth-study/sweep-summary.json	655f78ea7b25d776f8d343b21221d949589b52a28d59c18533e4c60410258249	generated-file	generated	generated-ignore	-	-	generated-result
wsl	/home/workbench/inference/experiments/qwen36-27b-hybrid-depth-study/thinkingcap-decode-optimization-20260720	-	excluded-root	generated-experiment-output	generated-ignore	-	-	excluded-root
wsl	/home/workbench/inference/experiments/qwen36-27b-hybrid-depth-study/thinkingcap-fp8-long-context-rerank-20260722	-	excluded-root	generated-experiment-output	generated-ignore	-	-	excluded-root
wsl	/home/workbench/inference/experiments/qwen36-27b-hybrid-depth-study/thinkingcap-fp8-optimization-20260722	-	excluded-root	generated-experiment-output	generated-ignore	-	-	excluded-root
wsl	/home/workbench/inference/experiments/qwen36-27b-hybrid-depth-study/thinkingcap-fp8-production-diagnosis-20260723	-	excluded-root	generated-experiment-output	generated-ignore	-	-	excluded-root
wsl	/home/workbench/inference/experiments/qwen36-27b-hybrid-depth-study/thinkingcap-omp-v6-plain-eager-spark1-20260720	-	excluded-root	generated-experiment-output	generated-ignore	-	-	excluded-root
wsl	/home/workbench/inference/experiments/qwen36-27b-hybrid-depth-study/thinkingcap-omp-v6-spec-sweep-spark1-20260720-corrected	-	excluded-root	generated-experiment-output	generated-ignore	-	-	excluded-root
wsl	/home/workbench/inference/experiments/qwen36-27b-hybrid-depth-study/thinkingcap-spec-sweep-spark1-20260720-nothink	-	excluded-root	generated-experiment-output	generated-ignore	-	-	excluded-root
wsl	/home/workbench/inference/experiments/qwen36-27b-hybrid-depth-study/token-boundaries.json	5d1e90057dde661582b5e22b4861927f60d5a1f4655e81c2c49bf06031b972c9	generated-file	generated	generated-ignore	-	-	generated-result
wsl	/home/workbench/inference/experiments/qwen36-27b-hybrid-depth-study/upstream-align-fix/Dockerfile	f8589379b0f35efa612418cd0798f5ac30f357ff0217cda5b535fd5846ce4b9c	source-file	workspace-source	import	experiments/qwen36-27b-hybrid-depth-study/upstream-align-fix/Dockerfile	f8589379b0f35efa612418cd0798f5ac30f357ff0217cda5b535fd5846ce4b9c	identity
wsl	/home/workbench/inference/experiments/qwen36-27b-hybrid-depth-study/upstream-align-fix/Dockerfile.trace	79c618b2576a708264d60289c5c08659b240f3a6a0123cbc52921e37bf911202	source-file	workspace-source	import	experiments/qwen36-27b-hybrid-depth-study/upstream-align-fix/Dockerfile.trace	79c618b2576a708264d60289c5c08659b240f3a6a0123cbc52921e37bf911202	identity
wsl	/home/workbench/inference/experiments/qwen36-27b-hybrid-depth-study/upstream-align-fix/__pycache__	-	excluded-root	generated-ignore	generated-ignore	-	-	excluded-root
wsl	/home/workbench/inference/experiments/qwen36-27b-hybrid-depth-study/upstream-align-fix/interface.py	fdc5965ba00e823f92fc531f7333db2697f0e6e4823f28fb4f9d23ff6255ae80	source-file	workspace-source	import	experiments/qwen36-27b-hybrid-depth-study/upstream-align-fix/interface.py	fdc5965ba00e823f92fc531f7333db2697f0e6e4823f28fb4f9d23ff6255ae80	identity
wsl	/home/workbench/inference/experiments/qwen36-27b-hybrid-depth-study/upstream-align-fix/mamba_hybrid.py	1ffde8c02dcaa00f11cbac4cd4d9d19975abd17eb624c4e58f87e7488c0526db	source-file	workspace-source	import	experiments/qwen36-27b-hybrid-depth-study/upstream-align-fix/mamba_hybrid.py	1ffde8c02dcaa00f11cbac4cd4d9d19975abd17eb624c4e58f87e7488c0526db	identity
wsl	/home/workbench/inference/experiments/qwen36-27b-hybrid-depth-study/upstream-align-fix/mamba_hybrid_trace.py	04832677fb370039b5b7453668ddee9ea717a4a860ac77056bc2e6fa3c842438	source-file	workspace-source	import	experiments/qwen36-27b-hybrid-depth-study/upstream-align-fix/mamba_hybrid_trace.py	04832677fb370039b5b7453668ddee9ea717a4a860ac77056bc2e6fa3c842438	identity
wsl	/home/workbench/inference/experiments/qwen36-27b-hybrid-depth-study/upstream-align-fix/mamba_utils.py	4eb0d749a12c60ae9900d7d6ea090504a71d75694c137d722506b7c1049f0340	source-file	workspace-source	import	experiments/qwen36-27b-hybrid-depth-study/upstream-align-fix/mamba_utils.py	4eb0d749a12c60ae9900d7d6ea090504a71d75694c137d722506b7c1049f0340	identity
wsl	/home/workbench/inference/experiments/qwen36-27b-hybrid-depth-study/upstream-align-fix/model_runner.py	fe23d9f445ab86991c21302e0a4df3a4bb1ec35e08fc7132e606de102ea488b3	source-file	workspace-source	import	experiments/qwen36-27b-hybrid-depth-study/upstream-align-fix/model_runner.py	fe23d9f445ab86991c21302e0a4df3a4bb1ec35e08fc7132e606de102ea488b3	identity
wsl	/home/workbench/inference/experiments/qwen36-27b-hybrid-depth-study/upstream-align-fix/test_precopy_mamba_align.py	a6918b81ba23c17855e77d45f54279b57114ce940e91eef183abaeb96c302312	source-file	workspace-source	import	experiments/qwen36-27b-hybrid-depth-study/upstream-align-fix/test_precopy_mamba_align.py	a6918b81ba23c17855e77d45f54279b57114ce940e91eef183abaeb96c302312	identity
wsl	/home/workbench/inference/experiments/qwen36-27b-hybrid-depth-study/upstream-align-fix/warmup.py	106233e641e11289f3989f6eb8b4eef9dc8a715155edc7a33dc27ae7f24167c8	source-file	workspace-source	import	experiments/qwen36-27b-hybrid-depth-study/upstream-align-fix/warmup.py	106233e641e11289f3989f6eb8b4eef9dc8a715155edc7a33dc27ae7f24167c8	identity
wsl	/home/workbench/inference/experiments/qwen36-35b-a3b-agent-spec/benchmark.py	c048e6d9b6d960eac88548576d50d1233a39fd8e28fa2524ade61d1f243c4347	source-file	workspace-source	import	experiments/qwen36-35b-a3b-agent-spec/benchmark.py	c048e6d9b6d960eac88548576d50d1233a39fd8e28fa2524ade61d1f243c4347	identity
wsl	/home/workbench/inference/experiments/qwen36-35b-a3b-agent-spec/results	-	excluded-root	generated-ignore	generated-ignore	-	-	excluded-root
wsl	/home/workbench/inference/experiments/qwen36-35b-a3b-agent-spec/workload-manifest.json	8a99959dda08e1597e64c0a103c4b586b269f3344b0528a661414bb4a37d7e80	source-file	workspace-source	import	experiments/qwen36-35b-a3b-agent-spec/workload-manifest.json	8a99959dda08e1597e64c0a103c4b586b269f3344b0528a661414bb4a37d7e80	identity
wsl	/home/workbench/inference/experiments/qwen36_decode_shapes.json	0a9b8cabf44469d5c565e8a7ec85faba48aea507deb16060c8ae1591f3f46656	source-file	workspace-source	import	experiments/qwen36_decode_shapes.json	0a9b8cabf44469d5c565e8a7ec85faba48aea507deb16060c8ae1591f3f46656	identity
wsl	/home/workbench/inference/experiments/thinkingcap-qwen36-27b-nvfp4/analyze_divergence.py	43b22a87f1782e85e69018a60e443758606334591a60b5bf67db2a0605119012	source-file	workspace-source	import	experiments/thinkingcap-qwen36-27b-nvfp4/analyze_divergence.py	43b22a87f1782e85e69018a60e443758606334591a60b5bf67db2a0605119012	identity
wsl	/home/workbench/inference/experiments/thinkingcap-qwen36-27b-nvfp4/compat	-	excluded-root	generated-experiment-output	generated-ignore	-	-	excluded-root
wsl	/home/workbench/inference/experiments/thinkingcap-qwen36-27b-nvfp4/context	-	excluded-root	generated-experiment-output	generated-ignore	-	-	excluded-root
wsl	/home/workbench/inference/experiments/thinkingcap-qwen36-27b-nvfp4/context_probe.py	b6c09d03d80c8a8703498d3e5df4a8cdbb5b99efabd502ee9b80666bb7c35c74	source-file	workspace-source	import	experiments/thinkingcap-qwen36-27b-nvfp4/context_probe.py	b6c09d03d80c8a8703498d3e5df4a8cdbb5b99efabd502ee9b80666bb7c35c74	identity
wsl	/home/workbench/inference/experiments/thinkingcap-qwen36-27b-nvfp4/divergence	-	excluded-root	generated-experiment-output	generated-ignore	-	-	excluded-root
wsl	/home/workbench/inference/experiments/thinkingcap-qwen36-27b-nvfp4/final	-	excluded-root	generated-experiment-output	generated-ignore	-	-	excluded-root
wsl	/home/workbench/inference/experiments/thinkingcap-qwen36-27b-nvfp4/production-verification	-	excluded-root	generated-experiment-output	generated-ignore	-	-	excluded-root
wsl	/home/workbench/inference/experiments/thinkingcap-qwen36-27b-nvfp4/repair	-	excluded-root	generated-experiment-output	generated-ignore	-	-	excluded-root
wsl	/home/workbench/inference/experiments/thinkingcap-qwen36-27b-nvfp4/repaired-final	-	excluded-root	generated-experiment-output	generated-ignore	-	-	excluded-root
wsl	/home/workbench/inference/experiments/thinkingcap-qwen36-27b-nvfp4/report.json	9b410fcd86ae84acd6d5373438b4276b370af2eb120f2dfc96eb5d803e321093	generated-file	generated	generated-ignore	-	-	generated-result
wsl	/home/workbench/inference/experiments/thinkingcap-qwen36-27b-nvfp4/screen	-	excluded-root	generated-experiment-output	generated-ignore	-	-	excluded-root
wsl	/home/workbench/inference/experiments/thinkingcap-qwen36-27b-nvfp4/screen_candidates.py	4a48ea4968122458008e997bc25bcd19318fa12de546b84b22e9281894f0ab6a	source-file	workspace-source	import	experiments/thinkingcap-qwen36-27b-nvfp4/screen_candidates.py	4a48ea4968122458008e997bc25bcd19318fa12de546b84b22e9281894f0ab6a	identity
wsl	/home/workbench/inference/experiments/unsloth-qwen36-nvfp4/__pycache__	-	excluded-root	generated-ignore	generated-ignore	-	-	excluded-root
wsl	/home/workbench/inference/experiments/unsloth-qwen36-nvfp4/benchmark-request.json	f7c36bb660ef9b75e6e946b7987b3b591682e19e02c5354de02725e0134c792b	source-file	workspace-source	import	experiments/unsloth-qwen36-nvfp4/benchmark-request.json	f7c36bb660ef9b75e6e946b7987b3b591682e19e02c5354de02725e0134c792b	identity
wsl	/home/workbench/inference/experiments/unsloth-qwen36-nvfp4/benchmark.py	d0d9a3c422b12bfc5b8d35f876ab7cd686b1f7cff837a074212ba3a1da52255b	source-file	workspace-source	import	experiments/unsloth-qwen36-nvfp4/benchmark.py	d0d9a3c422b12bfc5b8d35f876ab7cd686b1f7cff837a074212ba3a1da52255b	identity
wsl	/home/workbench/inference/experiments/unsloth-qwen36-nvfp4/capture-server-log.py	dfba62026ddeb01c8b81b92eb52c1b282ad2c2cf74804b46d321d0f5a5e8bee3	source-file	workspace-source	import	experiments/unsloth-qwen36-nvfp4/capture-server-log.py	dfba62026ddeb01c8b81b92eb52c1b282ad2c2cf74804b46d321d0f5a5e8bee3	identity
wsl	/home/workbench/inference/experiments/unsloth-qwen36-nvfp4/manifest.json	63b3c2bd3cf55907fc4e390d59fc06aa3062a16c8bdc9e310956d065cf9896dc	source-file	workspace-source	import	experiments/unsloth-qwen36-nvfp4/manifest.json	63b3c2bd3cf55907fc4e390d59fc06aa3062a16c8bdc9e310956d065cf9896dc	identity
wsl	/home/workbench/inference/experiments/unsloth-qwen36-nvfp4/reproduce.sh	16e79fee4a795bc395e38a7f464995fe65f43b0562947cb936419c59504e9519	source-file	workspace-source	import	experiments/unsloth-qwen36-nvfp4/reproduce.sh	16e79fee4a795bc395e38a7f464995fe65f43b0562947cb936419c59504e9519	identity
wsl	/home/workbench/inference/experiments/unsloth-qwen36-nvfp4/results	-	excluded-root	generated-ignore	generated-ignore	-	-	excluded-root
wsl	/home/workbench/inference/experiments/unsloth-qwen36-nvfp4/sglang/0001-compressed-tensors-per-group-format.patch	838341d55916a1d0f2d4dd819c0fef1ddb4b2b8f03490b2d32b8c7375343f50d	source-file	workspace-source	import	experiments/unsloth-qwen36-nvfp4/sglang/0001-compressed-tensors-per-group-format.patch	838341d55916a1d0f2d4dd819c0fef1ddb4b2b8f03490b2d32b8c7375343f50d	identity
wsl	/home/workbench/inference/experiments/unsloth-qwen36-nvfp4/sglang/Dockerfile	90798c70e821045a4b5b5e92c4ed6a80264a750fa62e862ca1835e6f41ac3b94	source-file	workspace-source	import	experiments/unsloth-qwen36-nvfp4/sglang/Dockerfile	90798c70e821045a4b5b5e92c4ed6a80264a750fa62e862ca1835e6f41ac3b94	identity
wsl	/home/workbench/inference/experiments/unsloth-qwen36-nvfp4/sglang/build-evidence.txt	a254774f5e27982c41daaf5f24d3784fff7e2f9c180c251cca987636e7bed43b	source-file	workspace-source	import	experiments/unsloth-qwen36-nvfp4/sglang/build-evidence.txt	a254774f5e27982c41daaf5f24d3784fff7e2f9c180c251cca987636e7bed43b	identity
wsl	/home/workbench/inference/experiments/unsloth-qwen36-nvfp4/sglang/build.sh	f9f96b3cae1aef97ec98a595525f0a197965639eaa17c3ca7d1a62b2ac38a857	source-file	workspace-source	import	experiments/unsloth-qwen36-nvfp4/sglang/build.sh	f9f96b3cae1aef97ec98a595525f0a197965639eaa17c3ca7d1a62b2ac38a857	identity
wsl	/home/workbench/inference/experiments/unsloth-qwen36-nvfp4/sglang/configurations/candidates.json	2fc5b24f5acf68bf1a5433cd5af5eb7787aed5da5da7f899d296f53944059c21	source-file	workspace-source	import	experiments/unsloth-qwen36-nvfp4/sglang/configurations/candidates.json	2fc5b24f5acf68bf1a5433cd5af5eb7787aed5da5da7f899d296f53944059c21	identity
wsl	/home/workbench/inference/experiments/unsloth-qwen36-nvfp4/sglang/configurations/launch-27b-baseline.txt	8d8d81c4137dbcd4c665feab0b1e87a6506f92be11ac3816cc290fe8b323a288	source-file	workspace-source	import	experiments/unsloth-qwen36-nvfp4/sglang/configurations/launch-27b-baseline.txt	8d8d81c4137dbcd4c665feab0b1e87a6506f92be11ac3816cc290fe8b323a288	identity
wsl	/home/workbench/inference/experiments/unsloth-qwen36-nvfp4/sglang/configurations/launch-27b-dflash10-w2048.txt	8725a12d75aa566b44c2131b319dd0a26a4ca43efa06d8f636f60ef1bb370937	source-file	workspace-source	import	experiments/unsloth-qwen36-nvfp4/sglang/configurations/launch-27b-dflash10-w2048.txt	8725a12d75aa566b44c2131b319dd0a26a4ca43efa06d8f636f60ef1bb370937	identity
wsl	/home/workbench/inference/experiments/unsloth-qwen36-nvfp4/sglang/configurations/launch-27b-dflash12-w2048.txt	1de14bbb2f5187403d9271c630c1ef33eeec2f734632fcd47444f100c59c0d2c	source-file	workspace-source	import	experiments/unsloth-qwen36-nvfp4/sglang/configurations/launch-27b-dflash12-w2048.txt	1de14bbb2f5187403d9271c630c1ef33eeec2f734632fcd47444f100c59c0d2c	identity
wsl	/home/workbench/inference/experiments/unsloth-qwen36-nvfp4/sglang/configurations/launch-27b-dflash15-w2048.txt	381eb055227c9d00f0be3f987dcac372ce2ff212ca0270e67ee90e3b145c60c7	source-file	workspace-source	import	experiments/unsloth-qwen36-nvfp4/sglang/configurations/launch-27b-dflash15-w2048.txt	381eb055227c9d00f0be3f987dcac372ce2ff212ca0270e67ee90e3b145c60c7	identity
wsl	/home/workbench/inference/experiments/unsloth-qwen36-nvfp4/sglang/configurations/launch-27b-dflash16-final.txt	89e66e72a81503dbe8e3584bd14caca1ef3f9ab60c8c0e355da687d42ec30463	source-file	workspace-source	import	experiments/unsloth-qwen36-nvfp4/sglang/configurations/launch-27b-dflash16-final.txt	89e66e72a81503dbe8e3584bd14caca1ef3f9ab60c8c0e355da687d42ec30463	identity
wsl	/home/workbench/inference/experiments/unsloth-qwen36-nvfp4/sglang/configurations/launch-27b-dflash20-w2048.txt	ee6942128bb8942cfc7f874fc4ac0b3102c09f19a460010f2940f1aec830f738	source-file	workspace-source	import	experiments/unsloth-qwen36-nvfp4/sglang/configurations/launch-27b-dflash20-w2048.txt	ee6942128bb8942cfc7f874fc4ac0b3102c09f19a460010f2940f1aec830f738	identity
wsl	/home/workbench/inference/experiments/unsloth-qwen36-nvfp4/sglang/configurations/launch-27b-dflash4-w2048.txt	fdc0877916c113b3da5a3f407f36786a156e32d7bb1b25fe753f28b2e5f4197f	source-file	workspace-source	import	experiments/unsloth-qwen36-nvfp4/sglang/configurations/launch-27b-dflash4-w2048.txt	fdc0877916c113b3da5a3f407f36786a156e32d7bb1b25fe753f28b2e5f4197f	identity
wsl	/home/workbench/inference/experiments/unsloth-qwen36-nvfp4/sglang/configurations/launch-27b-dflash8-final.txt	1b1d74fd55a2877efe5c8f40910918e44aa8d748a081d5797fb551c0033138e7	source-file	workspace-source	import	experiments/unsloth-qwen36-nvfp4/sglang/configurations/launch-27b-dflash8-final.txt	1b1d74fd55a2877efe5c8f40910918e44aa8d748a081d5797fb551c0033138e7	identity
wsl	/home/workbench/inference/experiments/unsloth-qwen36-nvfp4/sglang/configurations/launch-27b-dflash8-w2048.txt	cda3e0933f428d9884b1f0a121e4e3c563edb524bc648157492508b8a96cb7c3	source-file	workspace-source	import	experiments/unsloth-qwen36-nvfp4/sglang/configurations/launch-27b-dflash8-w2048.txt	cda3e0933f428d9884b1f0a121e4e3c563edb524bc648157492508b8a96cb7c3	identity
wsl	/home/workbench/inference/experiments/unsloth-qwen36-nvfp4/sglang/configurations/launch-27b-dflash9-w2048.txt	6d17f036a98aa8dfc09d03ed54bf4c41479607332dd3cb209f6712f946ceec10	source-file	workspace-source	import	experiments/unsloth-qwen36-nvfp4/sglang/configurations/launch-27b-dflash9-w2048.txt	6d17f036a98aa8dfc09d03ed54bf4c41479607332dd3cb209f6712f946ceec10	identity
wsl	/home/workbench/inference/experiments/unsloth-qwen36-nvfp4/sglang/configurations/launch-27b-mtp-s1-d1.txt	4f5daffdee6c43d3849b364f9662bba1c6325a81589491cfa8bf8869a9146a8a	source-file	workspace-source	import	experiments/unsloth-qwen36-nvfp4/sglang/configurations/launch-27b-mtp-s1-d1.txt	4f5daffdee6c43d3849b364f9662bba1c6325a81589491cfa8bf8869a9146a8a	identity
wsl	/home/workbench/inference/experiments/unsloth-qwen36-nvfp4/sglang/configurations/launch-27b-mtp-s1-d2.txt	d4df8fbe7cb0c2b0d3d09ae1ffa7016f899c72e730e7bbfc3e07364849403147	source-file	workspace-source	import	experiments/unsloth-qwen36-nvfp4/sglang/configurations/launch-27b-mtp-s1-d2.txt	d4df8fbe7cb0c2b0d3d09ae1ffa7016f899c72e730e7bbfc3e07364849403147	identity
wsl	/home/workbench/inference/experiments/unsloth-qwen36-nvfp4/sglang/configurations/launch-27b-mtp-s3-d4.txt	14a956928be98124ea76b6fbfa873d5f97e5a231c21149d6c258b7afc870ed19	source-file	workspace-source	import	experiments/unsloth-qwen36-nvfp4/sglang/configurations/launch-27b-mtp-s3-d4.txt	14a956928be98124ea76b6fbfa873d5f97e5a231c21149d6c258b7afc870ed19	identity
wsl	/home/workbench/inference/experiments/unsloth-qwen36-nvfp4/sglang/configurations/launch-27b-mtp-s5-d8.txt	813bc1d31efbabec72b8a14bff98eacdaf528d4681b56a7dd4961f4617a5b8a8	source-file	workspace-source	import	experiments/unsloth-qwen36-nvfp4/sglang/configurations/launch-27b-mtp-s5-d8.txt	813bc1d31efbabec72b8a14bff98eacdaf528d4681b56a7dd4961f4617a5b8a8	identity
wsl	/home/workbench/inference/experiments/unsloth-qwen36-nvfp4/sglang/configurations/launch-35b-baseline.txt	9c1cd4618c473e5d9625778a7d5526efaaa7ca3e082446360e44d6bef57675f3	source-file	workspace-source	import	experiments/unsloth-qwen36-nvfp4/sglang/configurations/launch-35b-baseline.txt	9c1cd4618c473e5d9625778a7d5526efaaa7ca3e082446360e44d6bef57675f3	identity
wsl	/home/workbench/inference/experiments/unsloth-qwen36-nvfp4/sglang/configurations/launch-35b-dflash1-w2048.txt	5fc661ffbf4c4a7b5d47d841dd017e907e1e9f45339d83ecfe70f07cac278c28	source-file	workspace-source	import	experiments/unsloth-qwen36-nvfp4/sglang/configurations/launch-35b-dflash1-w2048.txt	5fc661ffbf4c4a7b5d47d841dd017e907e1e9f45339d83ecfe70f07cac278c28	identity
wsl	/home/workbench/inference/experiments/unsloth-qwen36-nvfp4/sglang/configurations/launch-35b-dflash1-w6144.txt	860062e92b115856a3c948cd414096c7ae06dbb3867d8889716e22db02a8eff8	source-file	workspace-source	import	experiments/unsloth-qwen36-nvfp4/sglang/configurations/launch-35b-dflash1-w6144.txt	860062e92b115856a3c948cd414096c7ae06dbb3867d8889716e22db02a8eff8	identity
wsl	/home/workbench/inference/experiments/unsloth-qwen36-nvfp4/sglang/configurations/launch-35b-dflash12-final.txt	b011834898d227718f629c7a02d4744558191d85a7bec1db53be3efd01ffb914	source-file	workspace-source	import	experiments/unsloth-qwen36-nvfp4/sglang/configurations/launch-35b-dflash12-final.txt	b011834898d227718f629c7a02d4744558191d85a7bec1db53be3efd01ffb914	identity
wsl	/home/workbench/inference/experiments/unsloth-qwen36-nvfp4/sglang/configurations/launch-35b-dflash15-w6144.txt	99a15d4c59dae4ab7456f6916f5282e48d9b5d706742e9e4320c6f09528605d4	source-file	workspace-source	import	experiments/unsloth-qwen36-nvfp4/sglang/configurations/launch-35b-dflash15-w6144.txt	99a15d4c59dae4ab7456f6916f5282e48d9b5d706742e9e4320c6f09528605d4	identity
wsl	/home/workbench/inference/experiments/unsloth-qwen36-nvfp4/sglang/configurations/launch-35b-dflash16-final.txt	c685ba74c55b686158b2a19b5fd580f39096bdd001e85f5b1272836fb9f83137	source-file	workspace-source	import	experiments/unsloth-qwen36-nvfp4/sglang/configurations/launch-35b-dflash16-final.txt	c685ba74c55b686158b2a19b5fd580f39096bdd001e85f5b1272836fb9f83137	identity
wsl	/home/workbench/inference/experiments/unsloth-qwen36-nvfp4/sglang/configurations/launch-35b-dflash20-w6144.txt	cf88b6c979a13ec8e0b405a8f0625c7a0568eba763811b94d80d129dd5d14199	source-file	workspace-source	import	experiments/unsloth-qwen36-nvfp4/sglang/configurations/launch-35b-dflash20-w6144.txt	cf88b6c979a13ec8e0b405a8f0625c7a0568eba763811b94d80d129dd5d14199	identity
wsl	/home/workbench/inference/experiments/unsloth-qwen36-nvfp4/sglang/configurations/launch-35b-dflash4-w6144.txt	0beac315abdf8a5049e48af2a4ebd881a8714f6089ffc810941839d51f047c41	source-file	workspace-source	import	experiments/unsloth-qwen36-nvfp4/sglang/configurations/launch-35b-dflash4-w6144.txt	0beac315abdf8a5049e48af2a4ebd881a8714f6089ffc810941839d51f047c41	identity
wsl	/home/workbench/inference/experiments/unsloth-qwen36-nvfp4/sglang/configurations/launch-35b-dflash8-final.txt	8685338bd737a3154a7ca57d8342af0cc85b47199d731156fc7d385d8a947632	source-file	workspace-source	import	experiments/unsloth-qwen36-nvfp4/sglang/configurations/launch-35b-dflash8-final.txt	8685338bd737a3154a7ca57d8342af0cc85b47199d731156fc7d385d8a947632	identity
wsl	/home/workbench/inference/experiments/unsloth-qwen36-nvfp4/sglang/configurations/launch-35b-dflash8-w6144.txt	051b20650fb3f4edbd907e33e5f3edb97076c70d4ab4ec5bd17d01b619e76c43	source-file	workspace-source	import	experiments/unsloth-qwen36-nvfp4/sglang/configurations/launch-35b-dflash8-w6144.txt	051b20650fb3f4edbd907e33e5f3edb97076c70d4ab4ec5bd17d01b619e76c43	identity
wsl	/home/workbench/inference/experiments/unsloth-qwen36-nvfp4/sglang/configurations/launch-35b-mtp-s1-d1.txt	452cd0c1d7be1556ef065308d8979aac6ecea5a810a458369ad8cc22829af1fe	source-file	workspace-source	import	experiments/unsloth-qwen36-nvfp4/sglang/configurations/launch-35b-mtp-s1-d1.txt	452cd0c1d7be1556ef065308d8979aac6ecea5a810a458369ad8cc22829af1fe	identity
wsl	/home/workbench/inference/experiments/unsloth-qwen36-nvfp4/sglang/configurations/launch-35b-mtp-s1-d2.txt	e759e71ebd2e362e36fb023ce1a6ee0e2753bb001cc3b028fd07d93ff84e1719	source-file	workspace-source	import	experiments/unsloth-qwen36-nvfp4/sglang/configurations/launch-35b-mtp-s1-d2.txt	e759e71ebd2e362e36fb023ce1a6ee0e2753bb001cc3b028fd07d93ff84e1719	identity
wsl	/home/workbench/inference/experiments/unsloth-qwen36-nvfp4/sglang/configurations/launch-35b-mtp-s2-d3.txt	e0f8783e73bf6f10ddb007587fc8d39bfb0b2865a1b87bc0586d1f8c9e0abe5a	source-file	workspace-source	import	experiments/unsloth-qwen36-nvfp4/sglang/configurations/launch-35b-mtp-s2-d3.txt	e0f8783e73bf6f10ddb007587fc8d39bfb0b2865a1b87bc0586d1f8c9e0abe5a	identity
wsl	/home/workbench/inference/experiments/unsloth-qwen36-nvfp4/sglang/configurations/launch-35b-mtp-s3-d4.txt	f949f9a3fd44ff02d687b6bb3a24772f17e28cbbd976250ef9be9d91ec385ef8	source-file	workspace-source	import	experiments/unsloth-qwen36-nvfp4/sglang/configurations/launch-35b-mtp-s3-d4.txt	f949f9a3fd44ff02d687b6bb3a24772f17e28cbbd976250ef9be9d91ec385ef8	identity
wsl	/home/workbench/inference/experiments/unsloth-qwen36-nvfp4/sglang/configurations/launch-35b-mtp-s4-d5.txt	98103afff0996b35b8ce7e58fe24890bc45525284f273173b8072de2543d768c	source-file	workspace-source	import	experiments/unsloth-qwen36-nvfp4/sglang/configurations/launch-35b-mtp-s4-d5.txt	98103afff0996b35b8ce7e58fe24890bc45525284f273173b8072de2543d768c	identity
wsl	/home/workbench/inference/experiments/unsloth-qwen36-nvfp4/sglang/configurations/launch-35b-mtp-s5-d6.txt	71f0799df006d62cb3ee661ecf1c95eb4c7a1fd8f9122d9a07903dd0310ef9a2	source-file	workspace-source	import	experiments/unsloth-qwen36-nvfp4/sglang/configurations/launch-35b-mtp-s5-d6.txt	71f0799df006d62cb3ee661ecf1c95eb4c7a1fd8f9122d9a07903dd0310ef9a2	identity
wsl	/home/workbench/inference/experiments/unsloth-qwen36-nvfp4/sglang/configurations/launch-35b-mtp-s5-d8.txt	6b7acc97e048b3213832d747de01831d5be767d781c4fd29b1c47acccf939569	source-file	workspace-source	import	experiments/unsloth-qwen36-nvfp4/sglang/configurations/launch-35b-mtp-s5-d8.txt	6b7acc97e048b3213832d747de01831d5be767d781c4fd29b1c47acccf939569	identity
wsl	/home/workbench/inference/experiments/unsloth-qwen36-nvfp4/sglang/serve-27b.sh	a2a65b6fefb96874ad8bb44f3c5c76281f75d3ca6709f1b59f0076fad6dc9449	source-file	workspace-source	import	experiments/unsloth-qwen36-nvfp4/sglang/serve-27b.sh	a2a65b6fefb96874ad8bb44f3c5c76281f75d3ca6709f1b59f0076fad6dc9449	identity
wsl	/home/workbench/inference/experiments/unsloth-qwen36-nvfp4/sglang/serve-35b-a3b.sh	cb6954580565f0335340c6ecc4a242e3b842818f618f64b05d210eb8a5a8c135	source-file	workspace-source	import	experiments/unsloth-qwen36-nvfp4/sglang/serve-35b-a3b.sh	cb6954580565f0335340c6ecc4a242e3b842818f618f64b05d210eb8a5a8c135	identity
wsl	/home/workbench/inference/experiments/unsloth-qwen36-nvfp4/sglang/test_compressed_tensors_mixed_precision.py	ce986b13f10c0ddd22a29b66d1d859f5762501229291f425dc3ffe75887afc54	source-file	workspace-source	import	experiments/unsloth-qwen36-nvfp4/sglang/test_compressed_tensors_mixed_precision.py	ce986b13f10c0ddd22a29b66d1d859f5762501229291f425dc3ffe75887afc54	identity
wsl	/home/workbench/inference/experiments/unsloth-qwen36-nvfp4/sglang/test_dflash_quantized_head.py	cb3ae4f2b8aab0f31fc915c04c42e4e2e93509652dab698eb02003e4e4df0b7a	source-file	workspace-source	import	experiments/unsloth-qwen36-nvfp4/sglang/test_dflash_quantized_head.py	cb3ae4f2b8aab0f31fc915c04c42e4e2e93509652dab698eb02003e4e4df0b7a	identity
wsl	/home/workbench/inference/experiments/unsloth-qwen36-nvfp4/sglang/test_qwen35_quantized_load.py	dfeec51e493e6b0453762013795f9c37aae6a1849d1da6bfedf93dbab7e0b85e	source-file	workspace-source	import	experiments/unsloth-qwen36-nvfp4/sglang/test_qwen35_quantized_load.py	dfeec51e493e6b0453762013795f9c37aae6a1849d1da6bfedf93dbab7e0b85e	identity
wsl	/home/workbench/inference/experiments/unsloth-qwen36-nvfp4/sglang/test_runtime_smoke.py	097c8ab56b110e228a5c354fd76e556eff1e30472215e67ee88d35c286f7ba8f	source-file	workspace-source	import	experiments/unsloth-qwen36-nvfp4/sglang/test_runtime_smoke.py	097c8ab56b110e228a5c354fd76e556eff1e30472215e67ee88d35c286f7ba8f	identity
wsl	/home/workbench/inference/experiments/unsloth-qwen36-nvfp4/vllm/Dockerfile	e9db3697dc9b6f5a95ceb4bb30af766477ac32855f9021c021eafc651ac3d836	source-file	workspace-source	import	experiments/unsloth-qwen36-nvfp4/vllm/Dockerfile	e9db3697dc9b6f5a95ceb4bb30af766477ac32855f9021c021eafc651ac3d836	identity
wsl	/home/workbench/inference/experiments/unsloth-qwen36-nvfp4/vllm/configurations/candidates.json	6c6637234f49407717caf140ad1bc4c80700d3c90181c6a8b1473cc546478460	source-file	workspace-source	import	experiments/unsloth-qwen36-nvfp4/vllm/configurations/candidates.json	6c6637234f49407717caf140ad1bc4c80700d3c90181c6a8b1473cc546478460	identity
wsl	/home/workbench/inference/experiments/unsloth-qwen36-nvfp4/vllm/configurations/launch-27b-baseline.txt	bed4105469d523934e9133b67c450a4664dba47f0cdae2c851fd34120e9dfa29	source-file	workspace-source	import	experiments/unsloth-qwen36-nvfp4/vllm/configurations/launch-27b-baseline.txt	bed4105469d523934e9133b67c450a4664dba47f0cdae2c851fd34120e9dfa29	identity
wsl	/home/workbench/inference/experiments/unsloth-qwen36-nvfp4/vllm/configurations/launch-27b-dflash11.txt	a85d758cbaad2d741b6e87416269a78bb000513ce8e5c79811d613b372e50e42	source-file	workspace-source	import	experiments/unsloth-qwen36-nvfp4/vllm/configurations/launch-27b-dflash11.txt	a85d758cbaad2d741b6e87416269a78bb000513ce8e5c79811d613b372e50e42	identity
wsl	/home/workbench/inference/experiments/unsloth-qwen36-nvfp4/vllm/configurations/launch-27b-dflash12.txt	9d975a8b86b8871c5563ee8bb7a64dd7d7c3fb5ecebf580ce0aea3f23f83800b	source-file	workspace-source	import	experiments/unsloth-qwen36-nvfp4/vllm/configurations/launch-27b-dflash12.txt	9d975a8b86b8871c5563ee8bb7a64dd7d7c3fb5ecebf580ce0aea3f23f83800b	identity
wsl	/home/workbench/inference/experiments/unsloth-qwen36-nvfp4/vllm/configurations/launch-27b-dflash13.txt	2675e8ba4312f6fbba98bba87eb29a0897fc81c59e00da2f92c3959196d2b1ca	source-file	workspace-source	import	experiments/unsloth-qwen36-nvfp4/vllm/configurations/launch-27b-dflash13.txt	2675e8ba4312f6fbba98bba87eb29a0897fc81c59e00da2f92c3959196d2b1ca	identity
wsl	/home/workbench/inference/experiments/unsloth-qwen36-nvfp4/vllm/configurations/launch-27b-dflash15.txt	cc516726bcbc7edc155c835589f4087e6f5195b861bbbf3be31e7440068494bb	source-file	workspace-source	import	experiments/unsloth-qwen36-nvfp4/vllm/configurations/launch-27b-dflash15.txt	cc516726bcbc7edc155c835589f4087e6f5195b861bbbf3be31e7440068494bb	identity
wsl	/home/workbench/inference/experiments/unsloth-qwen36-nvfp4/vllm/configurations/launch-27b-dflash20.txt	3dfa88a60043884b8670bc6b670b44643338727663b5e40747501ff6076bc1b9	source-file	workspace-source	import	experiments/unsloth-qwen36-nvfp4/vllm/configurations/launch-27b-dflash20.txt	3dfa88a60043884b8670bc6b670b44643338727663b5e40747501ff6076bc1b9	identity
wsl	/home/workbench/inference/experiments/unsloth-qwen36-nvfp4/vllm/configurations/launch-27b-dflash24.txt	4211ac8aaa53ab0b0c9163785b57ce8e824b05fe82380432f379f9872a5d67a1	source-file	workspace-source	import	experiments/unsloth-qwen36-nvfp4/vllm/configurations/launch-27b-dflash24.txt	4211ac8aaa53ab0b0c9163785b57ce8e824b05fe82380432f379f9872a5d67a1	identity
wsl	/home/workbench/inference/experiments/unsloth-qwen36-nvfp4/vllm/configurations/launch-27b-dflash4.txt	9b4f34d21d12f1b5b1cf5c60cba6c41ba749b54952aee4b8284c620d1ae0bf6a	source-file	workspace-source	import	experiments/unsloth-qwen36-nvfp4/vllm/configurations/launch-27b-dflash4.txt	9b4f34d21d12f1b5b1cf5c60cba6c41ba749b54952aee4b8284c620d1ae0bf6a	identity
wsl	/home/workbench/inference/experiments/unsloth-qwen36-nvfp4/vllm/configurations/launch-27b-dflash8.txt	a7d4324fb83bf63eae6d87e201377ea351d4673c22d04416518368f076e7d43e	source-file	workspace-source	import	experiments/unsloth-qwen36-nvfp4/vllm/configurations/launch-27b-dflash8.txt	a7d4324fb83bf63eae6d87e201377ea351d4673c22d04416518368f076e7d43e	identity
wsl	/home/workbench/inference/experiments/unsloth-qwen36-nvfp4/vllm/configurations/launch-27b-mtp1.txt	792f6de9cdd93bcbca9ed594b1188db0e2497c9f86a7f5c00aad76937e6bd355	source-file	workspace-source	import	experiments/unsloth-qwen36-nvfp4/vllm/configurations/launch-27b-mtp1.txt	792f6de9cdd93bcbca9ed594b1188db0e2497c9f86a7f5c00aad76937e6bd355	identity
wsl	/home/workbench/inference/experiments/unsloth-qwen36-nvfp4/vllm/configurations/launch-27b-mtp2.txt	8062cab3873233a8a159c3a5be97c86528943b78caf7345a12a76f775ab50edf	source-file	workspace-source	import	experiments/unsloth-qwen36-nvfp4/vllm/configurations/launch-27b-mtp2.txt	8062cab3873233a8a159c3a5be97c86528943b78caf7345a12a76f775ab50edf	identity
wsl	/home/workbench/inference/experiments/unsloth-qwen36-nvfp4/vllm/configurations/launch-27b-mtp4-kvfp8.txt	b661c9dcd5db5b5dd5733234265f5891b5e0659ebc7b5eb4703676070142fb5c	source-file	workspace-source	import	experiments/unsloth-qwen36-nvfp4/vllm/configurations/launch-27b-mtp4-kvfp8.txt	b661c9dcd5db5b5dd5733234265f5891b5e0659ebc7b5eb4703676070142fb5c	identity
wsl	/home/workbench/inference/experiments/unsloth-qwen36-nvfp4/vllm/configurations/launch-27b-mtp4-statebf16.txt	5e164965a4166ff32aa44b12da1c4be97b1c77bcaf3987f11489ce843167e9ab	source-file	workspace-source	import	experiments/unsloth-qwen36-nvfp4/vllm/configurations/launch-27b-mtp4-statebf16.txt	5e164965a4166ff32aa44b12da1c4be97b1c77bcaf3987f11489ce843167e9ab	identity
wsl	/home/workbench/inference/experiments/unsloth-qwen36-nvfp4/vllm/configurations/launch-27b-mtp4.txt	cd43b58c8d974b21f88649e1c85e9dba8ddd06c358d98d20dcea2176e35c09dc	source-file	workspace-source	import	experiments/unsloth-qwen36-nvfp4/vllm/configurations/launch-27b-mtp4.txt	cd43b58c8d974b21f88649e1c85e9dba8ddd06c358d98d20dcea2176e35c09dc	identity
wsl	/home/workbench/inference/experiments/unsloth-qwen36-nvfp4/vllm/configurations/launch-27b-mtp8.txt	6656a4fac284be577b6750423c7dd3f1f2f29caf337c260f3e94e45b618ede71	source-file	workspace-source	import	experiments/unsloth-qwen36-nvfp4/vllm/configurations/launch-27b-mtp8.txt	6656a4fac284be577b6750423c7dd3f1f2f29caf337c260f3e94e45b618ede71	identity
wsl	/home/workbench/inference/experiments/unsloth-qwen36-nvfp4/vllm/configurations/launch-35b-baseline.txt	d4b4af25ba4865e752aa7e0c5ed4e1bbc06aa9260e051db04939f4489f042b98	source-file	workspace-source	import	experiments/unsloth-qwen36-nvfp4/vllm/configurations/launch-35b-baseline.txt	d4b4af25ba4865e752aa7e0c5ed4e1bbc06aa9260e051db04939f4489f042b98	identity
wsl	/home/workbench/inference/experiments/unsloth-qwen36-nvfp4/vllm/configurations/launch-35b-dflash12.txt	ba332bb10c95a0084c3972a96ce7dca346ab808c2e6ccf081c6438a55b37a10f	source-file	workspace-source	import	experiments/unsloth-qwen36-nvfp4/vllm/configurations/launch-35b-dflash12.txt	ba332bb10c95a0084c3972a96ce7dca346ab808c2e6ccf081c6438a55b37a10f	identity
wsl	/home/workbench/inference/experiments/unsloth-qwen36-nvfp4/vllm/configurations/launch-35b-dflash15.txt	57c14f3fd2e50094464380f1ee5332893db6a7f364038fd4fe7159b29c435ef3	source-file	workspace-source	import	experiments/unsloth-qwen36-nvfp4/vllm/configurations/launch-35b-dflash15.txt	57c14f3fd2e50094464380f1ee5332893db6a7f364038fd4fe7159b29c435ef3	identity
wsl	/home/workbench/inference/experiments/unsloth-qwen36-nvfp4/vllm/configurations/launch-35b-dflash16.txt	bd436371657274cffdb2b752ffd84e630549a13d1ace5c621030d81103a793ee	source-file	workspace-source	import	experiments/unsloth-qwen36-nvfp4/vllm/configurations/launch-35b-dflash16.txt	bd436371657274cffdb2b752ffd84e630549a13d1ace5c621030d81103a793ee	identity
wsl	/home/workbench/inference/experiments/unsloth-qwen36-nvfp4/vllm/configurations/launch-35b-dflash20.txt	f6db9c309e033287f3f3d2d03114e987f335610f9c9d38933023084e13d8a73a	source-file	workspace-source	import	experiments/unsloth-qwen36-nvfp4/vllm/configurations/launch-35b-dflash20.txt	f6db9c309e033287f3f3d2d03114e987f335610f9c9d38933023084e13d8a73a	identity
wsl	/home/workbench/inference/experiments/unsloth-qwen36-nvfp4/vllm/configurations/launch-35b-dflash24.txt	56edba062ca1ef7f1e69cfc65518832359987a04f23d6bf38d42201f93b4a955	source-file	workspace-source	import	experiments/unsloth-qwen36-nvfp4/vllm/configurations/launch-35b-dflash24.txt	56edba062ca1ef7f1e69cfc65518832359987a04f23d6bf38d42201f93b4a955	identity
wsl	/home/workbench/inference/experiments/unsloth-qwen36-nvfp4/vllm/configurations/launch-35b-dflash4.txt	d555960cea6432135448ba0c4edf7172ac3df91579a6c0e96fb78c5797607bf6	source-file	workspace-source	import	experiments/unsloth-qwen36-nvfp4/vllm/configurations/launch-35b-dflash4.txt	d555960cea6432135448ba0c4edf7172ac3df91579a6c0e96fb78c5797607bf6	identity
wsl	/home/workbench/inference/experiments/unsloth-qwen36-nvfp4/vllm/configurations/launch-35b-dflash8.txt	d80ccb6f69c1deba2f968f47a9b15e5a1868600e731ad0410f19241e9cbd0589	source-file	workspace-source	import	experiments/unsloth-qwen36-nvfp4/vllm/configurations/launch-35b-dflash8.txt	d80ccb6f69c1deba2f968f47a9b15e5a1868600e731ad0410f19241e9cbd0589	identity
wsl	/home/workbench/inference/experiments/unsloth-qwen36-nvfp4/vllm/configurations/launch-35b-mtp1.txt	cfb927f1e510c43da34950ddded14491ed7a786bcfd94947e38419765287e2c9	source-file	workspace-source	import	experiments/unsloth-qwen36-nvfp4/vllm/configurations/launch-35b-mtp1.txt	cfb927f1e510c43da34950ddded14491ed7a786bcfd94947e38419765287e2c9	identity
wsl	/home/workbench/inference/experiments/unsloth-qwen36-nvfp4/vllm/configurations/launch-35b-mtp2.txt	6ef17aec26515acc4e9fb36f095c347d1fbc7aa10e07fcd2ea53ef3a8b86ec36	source-file	workspace-source	import	experiments/unsloth-qwen36-nvfp4/vllm/configurations/launch-35b-mtp2.txt	6ef17aec26515acc4e9fb36f095c347d1fbc7aa10e07fcd2ea53ef3a8b86ec36	identity
wsl	/home/workbench/inference/experiments/unsloth-qwen36-nvfp4/vllm/configurations/launch-35b-mtp4-statebf16.txt	b6dfa5261ea732f3cd4ad16dbe524de5e3b18c17309cd0a903f35314d661ec3c	source-file	workspace-source	import	experiments/unsloth-qwen36-nvfp4/vllm/configurations/launch-35b-mtp4-statebf16.txt	b6dfa5261ea732f3cd4ad16dbe524de5e3b18c17309cd0a903f35314d661ec3c	identity
wsl	/home/workbench/inference/experiments/unsloth-qwen36-nvfp4/vllm/configurations/launch-35b-mtp4.txt	40368c256d261f71f620649dc64f9416494c20e3c82be57dfcf46a805cb09d0b	source-file	workspace-source	import	experiments/unsloth-qwen36-nvfp4/vllm/configurations/launch-35b-mtp4.txt	40368c256d261f71f620649dc64f9416494c20e3c82be57dfcf46a805cb09d0b	identity
wsl	/home/workbench/inference/experiments/unsloth-qwen36-nvfp4/vllm/configurations/launch-35b-mtp8.txt	9d5b03cd5cc8a3ef95ddf65d2e6d4520fa61df5d048f82d046d557d5448d9894	source-file	workspace-source	import	experiments/unsloth-qwen36-nvfp4/vllm/configurations/launch-35b-mtp8.txt	9d5b03cd5cc8a3ef95ddf65d2e6d4520fa61df5d048f82d046d557d5448d9894	identity
wsl	/home/workbench/inference/experiments/unsloth-qwen36-nvfp4/vllm/serve-27b.sh	28e0d5f05bb10c8a29d405f34bf7986ebdc648af38b12bf0bdf5dd6134d0fefd	source-file	workspace-source	import	experiments/unsloth-qwen36-nvfp4/vllm/serve-27b.sh	28e0d5f05bb10c8a29d405f34bf7986ebdc648af38b12bf0bdf5dd6134d0fefd	identity
wsl	/home/workbench/inference/experiments/unsloth-qwen36-nvfp4/vllm/serve-35b-a3b.sh	d59fe0af90ae145a0d08e4912564a7d4f2e3eccf23838fb37a9d16eecfca00e1	source-file	workspace-source	import	experiments/unsloth-qwen36-nvfp4/vllm/serve-35b-a3b.sh	d59fe0af90ae145a0d08e4912564a7d4f2e3eccf23838fb37a9d16eecfca00e1	identity
wsl	/home/workbench/inference/mimo-v25-nvfp4-research.md	1776015c57d2cabd63908d944545138078f71951f87ea6b73a5d4cb029a07885	source-file	workspace-source	import	mimo-v25-nvfp4-research.md	1776015c57d2cabd63908d944545138078f71951f87ea6b73a5d4cb029a07885	identity
wsl	/home/workbench/inference/moe_configs/E=256,N=512,device_name=NVIDIA_RTX_PRO_6000_Blackwell_Server_Edition,dtype=fp8_w8a8,block_shape=[128,128].json	2e50377b5472825ba41d4c3470e83f0970aae26ec41d90bbc315875c21869530	source-file	workspace-source	import	moe_configs/E=256,N=512,device_name=NVIDIA_RTX_PRO_6000_Blackwell_Server_Edition,dtype=fp8_w8a8,block_shape=[128,128].json	2e50377b5472825ba41d4c3470e83f0970aae26ec41d90bbc315875c21869530	identity
wsl	/home/workbench/inference/moe_configs/E=256,N=512,device_name=NVIDIA_RTX_PRO_6000_Blackwell_Workstation_Edition,dtype=fp8_w8a8,block_shape=[128,128].json	2e50377b5472825ba41d4c3470e83f0970aae26ec41d90bbc315875c21869530	source-file	workspace-source	import	moe_configs/E=256,N=512,device_name=NVIDIA_RTX_PRO_6000_Blackwell_Workstation_Edition,dtype=fp8_w8a8,block_shape=[128,128].json	2e50377b5472825ba41d4c3470e83f0970aae26ec41d90bbc315875c21869530	identity
wsl	/home/workbench/inference/patches/Dockerfile.thinkingcap-fp8-runtime	21368e3e4cea533c9a310a4ff39d532ddc76f0b9ee948bd5a55c1ab51b312330	source-file	workspace-source	import	patches/Dockerfile.thinkingcap-fp8-runtime	21368e3e4cea533c9a310a4ff39d532ddc76f0b9ee948bd5a55c1ab51b312330	identity
wsl	/home/workbench/inference/patches/Dockerfile.thinkingcap-fp8-windowfix	c76c11aaff2d741d364d59bf64d5ee2fe77a35f399e83900564a456cdd32af2d	source-file	workspace-source	import	patches/Dockerfile.thinkingcap-fp8-windowfix	c76c11aaff2d741d364d59bf64d5ee2fe77a35f399e83900564a456cdd32af2d	identity
wsl	/home/workbench/inference/patches/Dockerfile.thinkingcap-runtime-fix	389f6d958a8052ee2a3ab6963d240c30a572cca56e49b6b4cadb2764a3e48551	source-file	workspace-source	import	patches/Dockerfile.thinkingcap-runtime-fix	389f6d958a8052ee2a3ab6963d240c30a572cca56e49b6b4cadb2764a3e48551	identity
wsl	/home/workbench/inference/patches/__pycache__	-	excluded-root	generated-ignore	generated-ignore	-	-	excluded-root
wsl	/home/workbench/inference/patches/async_scheduler.py	f7a6e71bdac47ce216449eb1495027528aaa070182e17ab5962d4d1fef710914	source-file	workspace-source	import	patches/async_scheduler.py	f7a6e71bdac47ce216449eb1495027528aaa070182e17ab5962d4d1fef710914	identity
wsl	/home/workbench/inference/patches/cudagraph_utils.py	adc534cb4daae49b63b3383da1536d2f230b3cafa5e904f727a33d6e0dd09587	source-file	workspace-source	import	patches/cudagraph_utils.py	adc534cb4daae49b63b3383da1536d2f230b3cafa5e904f727a33d6e0dd09587	identity
wsl	/home/workbench/inference/patches/gpu_model_runner.py	fb5b3712f03e6ed7ea9bcfb594fb3b1682a206220a3ffbbc0640eabb334f2f41	source-file	workspace-source	import	patches/gpu_model_runner.py	fb5b3712f03e6ed7ea9bcfb594fb3b1682a206220a3ffbbc0640eabb334f2f41	identity
wsl	/home/workbench/inference/patches/mrv2-original-uva/Dockerfile	f82baa7b88f2397e8d70fa03a7684858edb948dbb2d26e452a7bd75f5041cdf6	source-file	workspace-source	import	patches/mrv2-original-uva/Dockerfile	f82baa7b88f2397e8d70fa03a7684858edb948dbb2d26e452a7bd75f5041cdf6	identity
wsl	/home/workbench/inference/patches/mrv2-original-uva/attn_utils.py	25b1eb189dd56a8864b91580ad9f403b34516af875befdf797cc73f3eb140647	source-file	workspace-source	import	patches/mrv2-original-uva/attn_utils.py	25b1eb189dd56a8864b91580ad9f403b34516af875befdf797cc73f3eb140647	identity
wsl	/home/workbench/inference/patches/mrv2-original-uva/platform_utils.py	4a8d6ea50b26f1828616d7ecc84fa8e42a339443c0c6a5a2532e2b63247cd1bf	source-file	workspace-source	import	patches/mrv2-original-uva/platform_utils.py	4a8d6ea50b26f1828616d7ecc84fa8e42a339443c0c6a5a2532e2b63247cd1bf	identity
wsl	/home/workbench/inference/patches/qwen3-dflash-v1-mixed.py	a4312ea29c816639b0d81469b864b77721e1e7fb269a90c3acdecee9d72a3684	source-file	workspace-source	import	patches/qwen3-dflash-v1-mixed.py	a4312ea29c816639b0d81469b864b77721e1e7fb269a90c3acdecee9d72a3684	identity
wsl	/home/workbench/inference/patches/scheduler.py	3b6588ff36b2d19b60f5a8c04591d66a80d40b69e07fcfba10352f9903f22c8a	source-file	workspace-source	import	patches/scheduler.py	3b6588ff36b2d19b60f5a8c04591d66a80d40b69e07fcfba10352f9903f22c8a	identity
wsl	/home/workbench/inference/patches/vllm-0.24-align-upstream	-	dependency-tree	vendored-dependency	dependency-pin	dependencies/manifest.tsv	0d1233c6278b1dd32aecc36c9f776b870a6be401c919e0741bd3d00a3da01d9c	pin-plus-ordered-patches-and-overlay
wsl	/home/workbench/inference/patches/vllm-0.24-dflash-depth-matrix	-	dependency-tree	vendored-dependency	dependency-pin	dependencies/manifest.tsv	0d1233c6278b1dd32aecc36c9f776b870a6be401c919e0741bd3d00a3da01d9c	pin-plus-ordered-patches-and-overlay
wsl	/home/workbench/inference/patches/vllm-0.24-original-env/Dockerfile	69adabf5ffe255bb036f9df782ea6cb0892fcc5fbf37b2e9c3fa10e1e2a9570c	source-file	workspace-source	import	patches/vllm-0.24-original-env/Dockerfile	69adabf5ffe255bb036f9df782ea6cb0892fcc5fbf37b2e9c3fa10e1e2a9570c	identity
wsl	/home/workbench/inference/patches/vllm-0.24-original-env/attn_utils.py	cd2a79c562252c8418a56e3f1d567d3e824881816f91f761a0d6ea3d8ece45ae	source-file	workspace-source	import	patches/vllm-0.24-original-env/attn_utils.py	cd2a79c562252c8418a56e3f1d567d3e824881816f91f761a0d6ea3d8ece45ae	identity
wsl	/home/workbench/inference/patches/vllm-0.24-original-env/platform_utils.py	8bb89b5e2fccbbe3fb517c24a477a03851f78b8eafbf293a492e47924fd9868f	source-file	workspace-source	import	patches/vllm-0.24-original-env/platform_utils.py	8bb89b5e2fccbbe3fb517c24a477a03851f78b8eafbf293a492e47924fd9868f	identity
wsl	/home/workbench/inference/patches/vllm-config-v2-align.py	6602b11580ad0273497a1ad13ecc85126eba338758ba229f306c3379a2d9a7da	source-file	workspace-source	import	patches/vllm-config-v2-align.py	6602b11580ad0273497a1ad13ecc85126eba338758ba229f306c3379a2d9a7da	identity
wsl	/home/workbench/inference/patches/vllm/model_executor/layers/quantization/modelopt.py	00442ddb03e0ec291ed133160fe55f047d8dc64701d291780f49da66892084c5	source-file	workspace-source	import	patches/vllm/model_executor/layers/quantization/modelopt.py	00442ddb03e0ec291ed133160fe55f047d8dc64701d291780f49da66892084c5	identity
wsl	/home/workbench/inference/patches/vllm/model_executor/layers/vocab_parallel_embedding.py	31b9c50af2005007a17607c8ee84ce2a90a406f925b6110c176037eddb7384be	source-file	workspace-source	import	patches/vllm/model_executor/layers/vocab_parallel_embedding.py	31b9c50af2005007a17607c8ee84ce2a90a406f925b6110c176037eddb7384be	identity
wsl	/home/workbench/inference/patches/vllm/model_executor/models/qwen3_5.py	b6a934cf2ab468e7164d9de5269e09c64ce2b97203b1675c70b75f25c17e2655	source-file	workspace-source	import	patches/vllm/model_executor/models/qwen3_5.py	b6a934cf2ab468e7164d9de5269e09c64ce2b97203b1675c70b75f25c17e2655	identity
wsl	/home/workbench/inference/patches/vllm/model_executor/parameter.py	6c1e64f299764b6c6ab5028c6a288e555b0dd5315623688417b20e7aedf45d11	source-file	workspace-source	import	patches/vllm/model_executor/parameter.py	6c1e64f299764b6c6ab5028c6a288e555b0dd5315623688417b20e7aedf45d11	identity
wsl	/home/workbench/inference/results	-	excluded-root	generated-ignore	generated-ignore	-	-	excluded-root
wsl	/home/workbench/inference/run_sglang_docker.sh	dd0970ee3f4792a91257ec0ead023c27196a4ae25bffd13e92878d94949772f6	source-file	workspace-source	merge	runtime/rtx6000/source/original-run_sglang_docker.sh	dd0970ee3f4792a91257ec0ead023c27196a4ae25bffd13e92878d94949772f6	identity-copy
wsl	/home/workbench/inference/run_vllm_docker.sh	ae6abb07b84abff751adccb9809de047e93881e6b6953c70d82a17ee72fe2a51	source-file	workspace-source	merge	runtime/rtx6000/source/original-run_vllm_docker.sh	ae6abb07b84abff751adccb9809de047e93881e6b6953c70d82a17ee72fe2a51	identity-copy
wsl	/home/workbench/inference/serve.sh	0327ba52303309387c5dd1559067a70e39a6c7888e2a110a09734a3fadc2b9c4	source-file	workspace-source	import	migration/originals/wsl/serve.sh	0327ba52303309387c5dd1559067a70e39a6c7888e2a110a09734a3fadc2b9c4	identity-copy
wsl	/home/workbench/inference/serve/cluster/deepseek-v4-flash-dspark/logs.sh	a16732688f2f8e5789950a51f68ce89084474648d4287548a92fc3ee78139f6d	source-file	workspace-source	merge	serve/cluster/experiments/deepseek-v4-flash-dspark/source/wsl/logs.sh	a16732688f2f8e5789950a51f68ce89084474648d4287548a92fc3ee78139f6d	identity-copy
wsl	/home/workbench/inference/serve/cluster/deepseek-v4-flash-dspark/start.sh	81e7a91cca76e4d31e559af02e17e5c9a2e2fc9048ea46939bf7f612459f0b6b	source-file	workspace-source	merge	serve/cluster/experiments/deepseek-v4-flash-dspark/source/wsl/start.sh	81e7a91cca76e4d31e559af02e17e5c9a2e2fc9048ea46939bf7f612459f0b6b	identity-copy
wsl	/home/workbench/inference/serve/cluster/deepseek-v4-flash-dspark/status.sh	fc95c8ee7d29790ada38ab923d586fc84d1ae66829c8aaef98815927e8fe9346	source-file	workspace-source	merge	serve/cluster/experiments/deepseek-v4-flash-dspark/source/wsl/status.sh	fc95c8ee7d29790ada38ab923d586fc84d1ae66829c8aaef98815927e8fe9346	identity-copy
wsl	/home/workbench/inference/serve/cluster/deepseek-v4-flash-dspark/stop.sh	5633743413dac6c12d528b2f6d52e2f779b0c850a07fe7c749582ddff31b12cf	source-file	workspace-source	merge	serve/cluster/experiments/deepseek-v4-flash-dspark/source/wsl/stop.sh	5633743413dac6c12d528b2f6d52e2f779b0c850a07fe7c749582ddff31b12cf	identity-copy
wsl	/home/workbench/inference/serve/cluster/hy3-nvfp4-mtp/Dockerfile	7a66d404c089759cf45ce38757909893baa1d39e37cb87717a7e15f3827c706f	source-file	workspace-source	merge	serve/cluster/experiments/hy3-nvfp4-mtp/source/wsl/Dockerfile	7a66d404c089759cf45ce38757909893baa1d39e37cb87717a7e15f3827c706f	identity-copy
wsl	/home/workbench/inference/serve/cluster/hy3-nvfp4-mtp/Dockerfile.v0.23.0-ray	7a66d404c089759cf45ce38757909893baa1d39e37cb87717a7e15f3827c706f	source-file	workspace-source	merge	serve/cluster/experiments/hy3-nvfp4-mtp/source/wsl/Dockerfile.v0.23.0-ray	7a66d404c089759cf45ce38757909893baa1d39e37cb87717a7e15f3827c706f	identity-copy
wsl	/home/workbench/inference/serve/cluster/hy3-nvfp4-mtp/README.md	6d9066a7d3f0fef231849db11337a78c4b9f2848096a659958d0485779066cae	source-file	workspace-source	merge	serve/cluster/experiments/hy3-nvfp4-mtp/source/wsl/README.md	6d9066a7d3f0fef231849db11337a78c4b9f2848096a659958d0485779066cae	identity-copy
wsl	/home/workbench/inference/serve/cluster/hy3-nvfp4-mtp/build-image.sh	7c7df25abb2b34927637fcf9f975820b4031375b576a675f1d7e4f4c3de43961	source-file	workspace-source	merge	serve/cluster/experiments/hy3-nvfp4-mtp/source/wsl/build-image.sh	7c7df25abb2b34927637fcf9f975820b4031375b576a675f1d7e4f4c3de43961	identity-copy
wsl	/home/workbench/inference/serve/cluster/hy3-nvfp4-mtp/build-upstream-image.sh	5582b1bcca40e3cfd29d2afab9f753d32d204882590ade3870ca0a3e966410f9	source-file	workspace-source	merge	serve/cluster/experiments/hy3-nvfp4-mtp/source/wsl/build-upstream-image.sh	5582b1bcca40e3cfd29d2afab9f753d32d204882590ade3870ca0a3e966410f9	identity-copy
wsl	/home/workbench/inference/serve/cluster/hy3-nvfp4-mtp/finish-deploy.sh	aefb656a600a5f492b62d0898422c6e1d7a4a9df9d203b89a4399ce6f41eaa32	source-file	workspace-source	merge	serve/cluster/experiments/hy3-nvfp4-mtp/source/wsl/finish-deploy.sh	aefb656a600a5f492b62d0898422c6e1d7a4a9df9d203b89a4399ce6f41eaa32	identity-copy
wsl	/home/workbench/inference/serve/cluster/hy3-nvfp4-mtp/logs.sh	f7272f2094fa07c45701d2b2f99b1283bbaee2b743366801d40e0bd9742c8a72	source-file	workspace-source	merge	serve/cluster/experiments/hy3-nvfp4-mtp/source/wsl/logs.sh	f7272f2094fa07c45701d2b2f99b1283bbaee2b743366801d40e0bd9742c8a72	identity-copy
wsl	/home/workbench/inference/serve/cluster/hy3-nvfp4-mtp/start.sh	3d7b9227589a64b414051a5b3b11d124c47cdecbb1f70125eddd2f152595801f	source-file	workspace-source	merge	serve/cluster/experiments/hy3-nvfp4-mtp/source/wsl/start.sh	3d7b9227589a64b414051a5b3b11d124c47cdecbb1f70125eddd2f152595801f	identity-copy
wsl	/home/workbench/inference/serve/cluster/hy3-nvfp4-mtp/status.sh	59be6bc266aabdbfc92e63384187748668eae3335022b90411f675c8ddff61bf	source-file	workspace-source	merge	serve/cluster/experiments/hy3-nvfp4-mtp/source/wsl/status.sh	59be6bc266aabdbfc92e63384187748668eae3335022b90411f675c8ddff61bf	identity-copy
wsl	/home/workbench/inference/serve/cluster/hy3-nvfp4-mtp/stop.sh	6508109819f6cade1c8e069f33715e79fba8e9960232d21c299a5da56075c1a4	source-file	workspace-source	merge	serve/cluster/experiments/hy3-nvfp4-mtp/source/wsl/stop.sh	6508109819f6cade1c8e069f33715e79fba8e9960232d21c299a5da56075c1a4	identity-copy
wsl	/home/workbench/inference/serve/cluster/hy3-nvfp4-mtp/verify.sh	06262201fcbc4db24f1ffd5b322d9e206bbd2abc71e88d45b21e99eff0061f66	source-file	workspace-source	merge	serve/cluster/experiments/hy3-nvfp4-mtp/source/wsl/verify.sh	06262201fcbc4db24f1ffd5b322d9e206bbd2abc71e88d45b21e99eff0061f66	identity-copy
wsl	/home/workbench/inference/serve/cluster/mimo-v25/logs.sh	2df5137090774b94b2422ef3c64ef9c04dc52cd17cab5f751af349a5c39bf4dc	source-file	workspace-source	merge	serve/cluster/experiments/mimo-v25/source/wsl/logs.sh	2df5137090774b94b2422ef3c64ef9c04dc52cd17cab5f751af349a5c39bf4dc	identity-copy
wsl	/home/workbench/inference/serve/cluster/mimo-v25/start.sh	9ebb7daff209f884cc6023bc03f4b666b451ea8ee590d3178a062614e6754dba	source-file	workspace-source	merge	serve/cluster/experiments/mimo-v25/source/wsl/start.sh	9ebb7daff209f884cc6023bc03f4b666b451ea8ee590d3178a062614e6754dba	identity-copy
wsl	/home/workbench/inference/serve/cluster/mimo-v25/status.sh	019b5cd6f9c97a8087a71d1fbb0c27fc890914831fb087430e478b167d10722a	source-file	workspace-source	merge	serve/cluster/experiments/mimo-v25/source/wsl/status.sh	019b5cd6f9c97a8087a71d1fbb0c27fc890914831fb087430e478b167d10722a	identity-copy
wsl	/home/workbench/inference/serve/cluster/mimo-v25/stop.sh	f54c57337300c74a6b3f7ed9a31648b9ab9dceced2be4f0e25613a476535820b	source-file	workspace-source	merge	serve/cluster/experiments/mimo-v25/source/wsl/stop.sh	f54c57337300c74a6b3f7ed9a31648b9ab9dceced2be4f0e25613a476535820b	identity-copy
wsl	/home/workbench/inference/serve/cluster/qwen36-27b-nvfp4-dspark/rank0-docker-compose.yml	0f7b14b236782b634553d05a101f7b29f210424d738d88d60eced10bb2ffe029	source-file	workspace-source	merge	serve/cluster/experiments/qwen36-27b-nvfp4-dspark/source/wsl/rank0-docker-compose.yml	0f7b14b236782b634553d05a101f7b29f210424d738d88d60eced10bb2ffe029	identity-copy
wsl	/home/workbench/inference/serve/cluster/qwen36-27b-nvfp4-dspark/rank1-docker-compose.yml	d57514afe0ce3f827fadabdc3c96803d00faa8ec36d1638e33a04605e6dd5331	source-file	workspace-source	merge	serve/cluster/experiments/qwen36-27b-nvfp4-dspark/source/wsl/rank1-docker-compose.yml	d57514afe0ce3f827fadabdc3c96803d00faa8ec36d1638e33a04605e6dd5331	identity-copy
wsl	/home/workbench/inference/serve/cluster/qwen36-27b-nvfp4-spark/README.md	589d27ca57099c1b85a43730bd8cc4dfede8e7d5c1e4fcc5272797a28ae94fc5	source-file	workspace-source	merge	serve/cluster/experiments/qwen36-27b-nvfp4-spark/source/wsl/README.md	589d27ca57099c1b85a43730bd8cc4dfede8e7d5c1e4fcc5272797a28ae94fc5	identity-copy
wsl	/home/workbench/inference/serve/cluster/qwen36-27b-nvfp4-spark/THROUGHPUT-TUNING.md	873fa429adee259dade0398201d2affddd4b0543dbb209a31fa54771b5051de8	source-file	workspace-source	merge	serve/cluster/experiments/qwen36-27b-nvfp4-spark/source/wsl/THROUGHPUT-TUNING.md	873fa429adee259dade0398201d2affddd4b0543dbb209a31fa54771b5051de8	identity-copy
wsl	/home/workbench/inference/serve/cluster/qwen36-27b-nvfp4-spark/VERIFY-CANDIDATE-A-RAY.md	aabd2dbbae1f6f1cec8ebfb0744a628cb7d688e0be935a3fb2d1d6f7982030b5	source-file	workspace-source	merge	serve/cluster/experiments/qwen36-27b-nvfp4-spark/source/wsl/VERIFY-CANDIDATE-A-RAY.md	aabd2dbbae1f6f1cec8ebfb0744a628cb7d688e0be935a3fb2d1d6f7982030b5	identity-copy
wsl	/home/workbench/inference/serve/cluster/qwen36-27b-nvfp4-spark/VERIFY-CANDIDATE-B-MP.md	126d92d6d8ef1e5bb2cf4a2880d72973e343db3edfc81c2b5a6c5bbba2c079fb	source-file	workspace-source	merge	serve/cluster/experiments/qwen36-27b-nvfp4-spark/source/wsl/VERIFY-CANDIDATE-B-MP.md	126d92d6d8ef1e5bb2cf4a2880d72973e343db3edfc81c2b5a6c5bbba2c079fb	identity-copy
wsl	/home/workbench/inference/serve/cluster/qwen36-27b-nvfp4-spark/VERIFY-FINAL.md	f78c1d51b523ab178550c65444e3ec28221d5c1093e55c7766c38b479ea53dd4	source-file	workspace-source	merge	serve/cluster/experiments/qwen36-27b-nvfp4-spark/source/wsl/VERIFY-FINAL.md	f78c1d51b523ab178550c65444e3ec28221d5c1093e55c7766c38b479ea53dd4	identity-copy
wsl	/home/workbench/inference/serve/cluster/qwen36-27b-nvfp4-spark/env.sh	3f964ad6bf892488b819bc287bf7d92355fb741c3083beca2fd598f759e6b483	source-file	workspace-source	merge	serve/cluster/experiments/qwen36-27b-nvfp4-spark/source/wsl/env.sh	3f964ad6bf892488b819bc287bf7d92355fb741c3083beca2fd598f759e6b483	identity-copy
wsl	/home/workbench/inference/serve/cluster/qwen36-27b-nvfp4-spark/gpu-sample.tsv	eeb1bccb46774da9995f2dd00c24ca96eb6733abd4bc516e91b3f4d9c1e1647b	generated-file	generated	generated-ignore	-	-	generated-result
wsl	/home/workbench/inference/serve/cluster/qwen36-27b-nvfp4-spark/logs.sh	1fe3467c2bfb262b73601da7aba3b5176ff4b1f8cef8010f4807f4117dae944d	source-file	workspace-source	merge	serve/cluster/experiments/qwen36-27b-nvfp4-spark/source/wsl/logs.sh	1fe3467c2bfb262b73601da7aba3b5176ff4b1f8cef8010f4807f4117dae944d	identity-copy
wsl	/home/workbench/inference/serve/cluster/qwen36-27b-nvfp4-spark/long.json	807e52762d95063c226d10290cb6cf1391582ec4175962d0810864a47abe4ca8	generated-file	generated	generated-ignore	-	-	generated-file
wsl	/home/workbench/inference/serve/cluster/qwen36-27b-nvfp4-spark/models.json	dd52acbd7ab1de35eb5d88bb5f50de4f010debd94b5cdf86b5a4fcfba9fdcf5d	generated-file	generated	generated-ignore	-	-	generated-file
wsl	/home/workbench/inference/serve/cluster/qwen36-27b-nvfp4-spark/short.json	f4f520285dfec2c93a21f4bd02e43ef032845b6ca2f029aa9bb5d686a167adef	generated-file	generated	generated-ignore	-	-	generated-file
wsl	/home/workbench/inference/serve/cluster/qwen36-27b-nvfp4-spark/start-node.sh	84a32572d0bb8da4452c183775f5ab7909d8f9cbc69eb0ae47c90031f3309749	source-file	workspace-source	merge	serve/cluster/experiments/qwen36-27b-nvfp4-spark/source/wsl/start-node.sh	84a32572d0bb8da4452c183775f5ab7909d8f9cbc69eb0ae47c90031f3309749	identity-copy
wsl	/home/workbench/inference/serve/cluster/qwen36-27b-nvfp4-spark/start.sh	928a4b192596d14aba59df88d63fd7bdb243a33d021f07747cf9443083253f91	source-file	workspace-source	merge	serve/cluster/experiments/qwen36-27b-nvfp4-spark/source/wsl/start.sh	928a4b192596d14aba59df88d63fd7bdb243a33d021f07747cf9443083253f91	identity-copy
wsl	/home/workbench/inference/serve/cluster/qwen36-27b-nvfp4-spark/status.sh	84174ea021b9849f71ffa47fbed347b284e30b5acafc28d500f6dba64338be2d	source-file	workspace-source	merge	serve/cluster/experiments/qwen36-27b-nvfp4-spark/source/wsl/status.sh	84174ea021b9849f71ffa47fbed347b284e30b5acafc28d500f6dba64338be2d	identity-copy
wsl	/home/workbench/inference/serve/cluster/qwen36-27b-nvfp4-spark/stop.sh	e49ba56738d18f2ccac9ade9ef399c9ccc719ad7a368fb5959f5cd1af3786020	source-file	workspace-source	merge	serve/cluster/experiments/qwen36-27b-nvfp4-spark/source/wsl/stop.sh	e49ba56738d18f2ccac9ade9ef399c9ccc719ad7a368fb5959f5cd1af3786020	identity-copy
wsl	/home/workbench/inference/serve/cluster/qwen36-27b-nvfp4-spark/verify-output	-	excluded-root	generated-ignore	generated-ignore	-	-	excluded-root
wsl	/home/workbench/inference/serve/cluster/qwen36-27b-nvfp4-spark/verify.sh	7f0121c91acabbff48b6bebd347362e6cb4880c48f918c8c568b3587aa12dfe1	source-file	workspace-source	merge	serve/cluster/experiments/qwen36-27b-nvfp4-spark/source/wsl/verify.sh	7f0121c91acabbff48b6bebd347362e6cb4880c48f918c8c568b3587aa12dfe1	identity-copy
wsl	/home/workbench/inference/serve/cluster/qwen36-27b-nvfp4/rank0-docker-compose.yml	7a57f1bcc101feccca1c54e9f2f4863b89e6f08379d32b075133b5ecb6cf74c5	source-file	workspace-source	merge	serve/cluster/experiments/qwen36-27b-nvfp4/source/wsl/rank0-docker-compose.yml	7a57f1bcc101feccca1c54e9f2f4863b89e6f08379d32b075133b5ecb6cf74c5	identity-copy
wsl	/home/workbench/inference/serve/cluster/qwen36-27b-nvfp4/rank1-docker-compose.yml	073612a84252b95055bda4ceb137cba56ad9f55444946ffe71d9f3b8baeef581	source-file	workspace-source	merge	serve/cluster/experiments/qwen36-27b-nvfp4/source/wsl/rank1-docker-compose.yml	073612a84252b95055bda4ceb137cba56ad9f55444946ffe71d9f3b8baeef581	identity-copy
wsl	/home/workbench/inference/serve/cluster/qwen36-27b-ray/recipe/launch-spark.sh	badcabd88c637c7bc6c849cc69dc89b37b93886fbecbd5b3940b1747ff5fecd5	source-file	workspace-source	merge	serve/cluster/experiments/qwen36-27b-ray/source/wsl/recipe/launch-spark.sh	badcabd88c637c7bc6c849cc69dc89b37b93886fbecbd5b3940b1747ff5fecd5	identity-copy
wsl	/home/workbench/inference/serve/cluster/qwen36-27b-ray/start.sh	f50008937d39e6711188b491334be07a9bad58e38f30de6294e4112dbc0f1cfa	source-file	workspace-source	merge	serve/cluster/experiments/qwen36-27b-ray/source/wsl/start.sh	f50008937d39e6711188b491334be07a9bad58e38f30de6294e4112dbc0f1cfa	identity-copy
wsl	/home/workbench/inference/serve/cluster/qwen36-27b-unsloth-nvfp4-sglang-dflash/DFLASH-INCOMPATIBILITY.md	5611287549ee87b78dfe365c0f5fe29b42cc011f38ab5ac277c2b297f0c7c695	source-file	workspace-source	merge	serve/cluster/sglang/unsloth_qwen36_27b_nvfp4_dflash_tp2/source/wsl/DFLASH-INCOMPATIBILITY.md	5611287549ee87b78dfe365c0f5fe29b42cc011f38ab5ac277c2b297f0c7c695	identity-copy
wsl	/home/workbench/inference/serve/cluster/qwen36-27b-unsloth-nvfp4-sglang-dflash/README.md	1baeb10e856a6c2454f7e2b2a07951c075d1d8854672b2e54a2d7baa28752699	source-file	workspace-source	merge	serve/cluster/sglang/unsloth_qwen36_27b_nvfp4_dflash_tp2/source/wsl/README.md	1baeb10e856a6c2454f7e2b2a07951c075d1d8854672b2e54a2d7baa28752699	identity-copy
wsl	/home/workbench/inference/serve/cluster/qwen36-27b-unsloth-nvfp4-sglang-dflash/env.sh	6a27bf1e362296379af5d73e7dc4df51f8f05ac20b736654895b15a7d722133d	source-file	workspace-source	merge	serve/cluster/sglang/unsloth_qwen36_27b_nvfp4_dflash_tp2/source/wsl/env.sh	6a27bf1e362296379af5d73e7dc4df51f8f05ac20b736654895b15a7d722133d	identity-copy
wsl	/home/workbench/inference/serve/cluster/qwen36-27b-unsloth-nvfp4-sglang-dflash/logs.sh	7243a015add0616205f959a0be3b650550f3149e790a6b7cf0435e073b7b1e49	source-file	workspace-source	merge	serve/cluster/sglang/unsloth_qwen36_27b_nvfp4_dflash_tp2/source/wsl/logs.sh	7243a015add0616205f959a0be3b650550f3149e790a6b7cf0435e073b7b1e49	identity-copy
wsl	/home/workbench/inference/serve/cluster/qwen36-27b-unsloth-nvfp4-sglang-dflash/start-dflash.sh	0afc464b0accefcbba5cffc397ee92b4923b22aa23d5ebb09394d0c70d0c41bf	source-file	workspace-source	merge	serve/cluster/sglang/unsloth_qwen36_27b_nvfp4_dflash_tp2/source/wsl/start-dflash.sh	0afc464b0accefcbba5cffc397ee92b4923b22aa23d5ebb09394d0c70d0c41bf	identity-copy
wsl	/home/workbench/inference/serve/cluster/qwen36-27b-unsloth-nvfp4-sglang-dflash/start-node.sh	31fd2b84352e03c85ebf32ab471b184e4997cf9d3f2339905da175376d122109	source-file	workspace-source	merge	serve/cluster/sglang/unsloth_qwen36_27b_nvfp4_dflash_tp2/source/wsl/start-node.sh	31fd2b84352e03c85ebf32ab471b184e4997cf9d3f2339905da175376d122109	identity-copy
wsl	/home/workbench/inference/serve/cluster/qwen36-27b-unsloth-nvfp4-sglang-dflash/start.sh	36fdec3286d8bf763e3873f2ae86495a4c9accbe2c8d2f3ca10b27fcf5320bac	source-file	workspace-source	merge	serve/cluster/sglang/unsloth_qwen36_27b_nvfp4_dflash_tp2/source/wsl/start.sh	36fdec3286d8bf763e3873f2ae86495a4c9accbe2c8d2f3ca10b27fcf5320bac	identity-copy
wsl	/home/workbench/inference/serve/cluster/qwen36-27b-unsloth-nvfp4-sglang-dflash/status.sh	985729c94b2f27b9b6a9d2c5e0351f735d202c1e36e2c7074ef0a88d26c2e3ef	source-file	workspace-source	merge	serve/cluster/sglang/unsloth_qwen36_27b_nvfp4_dflash_tp2/source/wsl/status.sh	985729c94b2f27b9b6a9d2c5e0351f735d202c1e36e2c7074ef0a88d26c2e3ef	identity-copy
wsl	/home/workbench/inference/serve/cluster/qwen36-27b-unsloth-nvfp4-sglang-dflash/stop.sh	7ef413a0c8225de68e28c833189edc0a047d666e6fa139d671681ef8c608636b	source-file	workspace-source	merge	serve/cluster/sglang/unsloth_qwen36_27b_nvfp4_dflash_tp2/source/wsl/stop.sh	7ef413a0c8225de68e28c833189edc0a047d666e6fa139d671681ef8c608636b	identity-copy
wsl	/home/workbench/inference/serve/cluster/qwen36-27b-unsloth-nvfp4-sglang-dflash/verify-20260706-193503	-	excluded-root	generated-ignore	generated-ignore	-	-	excluded-root
wsl	/home/workbench/inference/serve/cluster/qwen36-27b-unsloth-nvfp4-sglang-dflash/verify-20260706-195010	-	excluded-root	generated-ignore	generated-ignore	-	-	excluded-root
wsl	/home/workbench/inference/serve/cluster/qwen36-27b-unsloth-nvfp4-sglang-dflash/verify-20260706-200404	-	excluded-root	generated-ignore	generated-ignore	-	-	excluded-root
wsl	/home/workbench/inference/serve/cluster/qwen36-27b-unsloth-nvfp4-sglang-dflash/verify.sh	1fe05b4134196ab839deb9901a4c2cfddfdb49c656da8abc2958ca9c52f12d67	source-file	workspace-source	merge	serve/cluster/sglang/unsloth_qwen36_27b_nvfp4_dflash_tp2/source/wsl/verify.sh	1fe05b4134196ab839deb9901a4c2cfddfdb49c656da8abc2958ca9c52f12d67	identity-copy
wsl	/home/workbench/inference/serve/cluster/qwen36-vllm-rank-recipe/README.md	cf8ea882c02afc31657d4f3bfc62c42ec3c45fc5572e7663e4ab169343c5c1db	source-file	workspace-source	merge	serve/cluster/experiments/qwen36-vllm-rank-recipe/source/wsl/README.md	cf8ea882c02afc31657d4f3bfc62c42ec3c45fc5572e7663e4ab169343c5c1db	identity-copy
wsl	/home/workbench/inference/serve/cluster/qwen36-vllm-rank-recipe/VERIFY-CANDIDATE-B-MP.md	126d92d6d8ef1e5bb2cf4a2880d72973e343db3edfc81c2b5a6c5bbba2c079fb	source-file	workspace-source	merge	serve/cluster/experiments/qwen36-vllm-rank-recipe/source/wsl/VERIFY-CANDIDATE-B-MP.md	126d92d6d8ef1e5bb2cf4a2880d72973e343db3edfc81c2b5a6c5bbba2c079fb	identity-copy
wsl	/home/workbench/inference/serve/cluster/qwen36-vllm-rank-recipe/env.sh	949b063f8bc32bf7746bbd065b0f661a90b7c52f2a5e744e69352c1acb879672	source-file	workspace-source	merge	serve/cluster/experiments/qwen36-vllm-rank-recipe/source/wsl/env.sh	949b063f8bc32bf7746bbd065b0f661a90b7c52f2a5e744e69352c1acb879672	identity-copy
wsl	/home/workbench/inference/serve/cluster/qwen36-vllm-rank-recipe/gpu-sample.tsv	566059bedaed4ca25633b2efadb2d8de3ff17fe010eb451d4d7030ac3883b292	generated-file	generated	generated-ignore	-	-	generated-result
wsl	/home/workbench/inference/serve/cluster/qwen36-vllm-rank-recipe/logs.sh	1fe3467c2bfb262b73601da7aba3b5176ff4b1f8cef8010f4807f4117dae944d	source-file	workspace-source	merge	serve/cluster/experiments/qwen36-vllm-rank-recipe/source/wsl/logs.sh	1fe3467c2bfb262b73601da7aba3b5176ff4b1f8cef8010f4807f4117dae944d	identity-copy
wsl	/home/workbench/inference/serve/cluster/qwen36-vllm-rank-recipe/long.json	d6c427222235b23409160308af7e84e0a4ad7eae3190d06c289615768155a1a9	generated-file	generated	generated-ignore	-	-	generated-file
wsl	/home/workbench/inference/serve/cluster/qwen36-vllm-rank-recipe/models.json	d872dac807144230f64d2dc415c0e55f5acbdf6bdd532a3754cd27ca9270c876	generated-file	generated	generated-ignore	-	-	generated-file
wsl	/home/workbench/inference/serve/cluster/qwen36-vllm-rank-recipe/short.json	0ca1780f5ce3a57126ce2e1aae06b091f56b920e7a5f461fb0e02ce00dc4c3dc	generated-file	generated	generated-ignore	-	-	generated-file
wsl	/home/workbench/inference/serve/cluster/qwen36-vllm-rank-recipe/start-node.sh	84a32572d0bb8da4452c183775f5ab7909d8f9cbc69eb0ae47c90031f3309749	source-file	workspace-source	merge	serve/cluster/experiments/qwen36-vllm-rank-recipe/source/wsl/start-node.sh	84a32572d0bb8da4452c183775f5ab7909d8f9cbc69eb0ae47c90031f3309749	identity-copy
wsl	/home/workbench/inference/serve/cluster/qwen36-vllm-rank-recipe/start.sh	928a4b192596d14aba59df88d63fd7bdb243a33d021f07747cf9443083253f91	source-file	workspace-source	merge	serve/cluster/experiments/qwen36-vllm-rank-recipe/source/wsl/start.sh	928a4b192596d14aba59df88d63fd7bdb243a33d021f07747cf9443083253f91	identity-copy
wsl	/home/workbench/inference/serve/cluster/qwen36-vllm-rank-recipe/status.sh	84174ea021b9849f71ffa47fbed347b284e30b5acafc28d500f6dba64338be2d	source-file	workspace-source	merge	serve/cluster/experiments/qwen36-vllm-rank-recipe/source/wsl/status.sh	84174ea021b9849f71ffa47fbed347b284e30b5acafc28d500f6dba64338be2d	identity-copy
wsl	/home/workbench/inference/serve/cluster/qwen36-vllm-rank-recipe/stop.sh	e49ba56738d18f2ccac9ade9ef399c9ccc719ad7a368fb5959f5cd1af3786020	source-file	workspace-source	merge	serve/cluster/experiments/qwen36-vllm-rank-recipe/source/wsl/stop.sh	e49ba56738d18f2ccac9ade9ef399c9ccc719ad7a368fb5959f5cd1af3786020	identity-copy
wsl	/home/workbench/inference/serve/cluster/qwen36-vllm-rank-recipe/verify.sh	7f0121c91acabbff48b6bebd347362e6cb4880c48f918c8c568b3587aa12dfe1	source-file	workspace-source	merge	serve/cluster/experiments/qwen36-vllm-rank-recipe/source/wsl/verify.sh	7f0121c91acabbff48b6bebd347362e6cb4880c48f918c8c568b3587aa12dfe1	identity-copy
wsl	/home/workbench/inference/serve/llama.cpp/serve_gemma4_12b_mtp.sh	e2412b9f835bd96dabc8df6e12243766eb5eeefc75d83c790892541c07a3eb6c	source-file	workspace-source	import	serve/llama.cpp/serve_gemma4_12b_mtp.sh	e2412b9f835bd96dabc8df6e12243766eb5eeefc75d83c790892541c07a3eb6c	identity
wsl	/home/workbench/inference/serve/sglang/patch_sglang_dflash_modelopt_lmhead.py	1c01e00342589bbf5c8830c03486c891a8018ac23d46c8f8e53415574d215ffc	source-file	workspace-source	import	serve/sglang/patch_sglang_dflash_modelopt_lmhead.py	1c01e00342589bbf5c8830c03486c891a8018ac23d46c8f8e53415574d215ffc	identity
wsl	/home/workbench/inference/serve/sglang/patch_sglang_eagle3.py	6cf75fa64951d48002f2635e1c4864045e5f3fb3a3c9783e2bfb95469225d79f	source-file	workspace-source	import	serve/sglang/patch_sglang_eagle3.py	6cf75fa64951d48002f2635e1c4864045e5f3fb3a3c9783e2bfb95469225d79f	identity
wsl	/home/workbench/inference/serve/sglang/qwen36_nvfp4_tp2/launch_tp2.sh	f4b86312659a1f8476116082c7718a7fd92efee30224b3b934410f9572ebf121	source-file	workspace-source	import	serve/sglang/qwen36_nvfp4_tp2/launch_tp2.sh	f4b86312659a1f8476116082c7718a7fd92efee30224b3b934410f9572ebf121	identity
wsl	/home/workbench/inference/serve/sglang/qwen36_nvfp4_tp2/rank0-docker-compose.yml	4008f84919fd6f4b8982c00671a8e7d7d9669ff75cef15a48bbf1f6c5fb94751	source-file	workspace-source	import	serve/sglang/qwen36_nvfp4_tp2/rank0-docker-compose.yml	4008f84919fd6f4b8982c00671a8e7d7d9669ff75cef15a48bbf1f6c5fb94751	identity
wsl	/home/workbench/inference/serve/sglang/qwen36_nvfp4_tp2/rank1-docker-compose.yml	05579778481265aefa16c84cbf17b0e49f25843de6035899f6a35c44408b0ef1	source-file	workspace-source	import	serve/sglang/qwen36_nvfp4_tp2/rank1-docker-compose.yml	05579778481265aefa16c84cbf17b0e49f25843de6035899f6a35c44408b0ef1	identity
wsl	/home/workbench/inference/serve/sglang/qwen36_nvfp4_tp2/start.sh	f2f4e019650d3e0cbbcc769d67599a06a06e45ece8cb07385145051f59c633cf	source-file	workspace-source	import	serve/sglang/qwen36_nvfp4_tp2/start.sh	f2f4e019650d3e0cbbcc769d67599a06a06e45ece8cb07385145051f59c633cf	identity
wsl	/home/workbench/inference/serve/sglang/qwen36_nvfp4_tp2/start_rank1.sh	0cc1bf02d781a470ccbb7f75b358873095254f54ea392f0783e4c41f3beb6400	source-file	workspace-source	import	serve/sglang/qwen36_nvfp4_tp2/start_rank1.sh	0cc1bf02d781a470ccbb7f75b358873095254f54ea392f0783e4c41f3beb6400	identity
wsl	/home/workbench/inference/serve/sglang/serve_gemma4_12b_awq.sh	0c5b254a153f5c90d4c570e88be1f0521222051f7a7df9ecc6187aa8dfc0674d	source-file	workspace-source	merge	serve/sglang/rtx6000/gemma4_12b_awq/source/original.sh	0c5b254a153f5c90d4c570e88be1f0521222051f7a7df9ecc6187aa8dfc0674d	identity-copy
wsl	/home/workbench/inference/serve/sglang/serve_gemma4_31b_dflash.sh	b401262b01582d347e8c1c2b69d851e7557ca267a562dcf92947a7a10e26c269	source-file	workspace-source	merge	serve/sglang/rtx6000/gemma4_31b_dflash/source/original.sh	b401262b01582d347e8c1c2b69d851e7557ca267a562dcf92947a7a10e26c269	identity-copy
wsl	/home/workbench/inference/serve/sglang/serve_nvidia_qwen36_27b_nvfp4.sh	1a936890bff2b301dd994d35264e4e9fe46d87100ced32729b03e2fa67e888ad	source-file	workspace-source	merge	serve/sglang/rtx6000/nvidia_qwen36_27b_nvfp4/source/original.sh	1a936890bff2b301dd994d35264e4e9fe46d87100ced32729b03e2fa67e888ad	identity-copy
wsl	/home/workbench/inference/serve/sglang/serve_nvidia_qwen36_27b_nvfp4_dflash.sh	64a7dd0b2a4b1a75a491b8181392147fb1f0cad2c762179cafef1a46b59657d1	source-file	workspace-source	merge	serve/sglang/rtx6000/nvidia_qwen36_27b_nvfp4_dflash/source/original.sh	64a7dd0b2a4b1a75a491b8181392147fb1f0cad2c762179cafef1a46b59657d1	identity-copy
wsl	/home/workbench/inference/serve/sglang/serve_qwen25_7b_awq.sh	4334c0c031f7c2944ff11365cf375e2a2cdbd636844895cf5670a003fa07a64f	source-file	workspace-source	merge	serve/sglang/rtx6000/qwen25_7b_awq/source/original.sh	4334c0c031f7c2944ff11365cf375e2a2cdbd636844895cf5670a003fa07a64f	identity-copy
wsl	/home/workbench/inference/serve/sglang/serve_qwen36_27b_fp8_dflash.sh	34ed9c954670c87e4f9d85f7987f195dc8ead123ea291a03533bb7a5461bbca2	source-file	workspace-source	merge	serve/sglang/rtx6000/qwen36_27b_fp8_dflash/source/original.sh	34ed9c954670c87e4f9d85f7987f195dc8ead123ea291a03533bb7a5461bbca2	identity-copy
wsl	/home/workbench/inference/serve/sglang/serve_qwen36_27b_fp8_eagle3.sh	2bf9f843c0ac4d9829188a81c7c53e97ff4c4e79abea70da938a95340c3c3f4e	source-file	workspace-source	merge	serve/sglang/rtx6000/qwen36_27b_fp8_eagle3/source/original.sh	2bf9f843c0ac4d9829188a81c7c53e97ff4c4e79abea70da938a95340c3c3f4e	identity-copy
wsl	/home/workbench/inference/serve/sglang/serve_qwen36_a3b_fp8_dflash.sh	2d8ac2d9af5c364044871c9f5073adbc694266b96ab72dedd5904703ca5d2278	source-file	workspace-source	merge	serve/sglang/rtx6000/qwen36_a3b_fp8_dflash/source/original.sh	2d8ac2d9af5c364044871c9f5073adbc694266b96ab72dedd5904703ca5d2278	identity-copy
wsl	/home/workbench/inference/serve/sglang/serve_unsloth_qwen36_27b_nvfp4.sh	4d5612bbb5717468c49eca501245e69a52b8167e8575397ab490845e82151f6b	source-file	workspace-source	merge	serve/sglang/rtx6000/unsloth_qwen36_27b_nvfp4/source/original.sh	4d5612bbb5717468c49eca501245e69a52b8167e8575397ab490845e82151f6b	identity-copy
wsl	/home/workbench/inference/serve/sglang/serve_unsloth_qwen36_35b_a3b_nvfp4_fast.sh	3185d7302393d21a82956e7bb98bbc927d279eaf6336ca46bf329931950ebef8	source-file	workspace-source	merge	serve/sglang/rtx6000/unsloth_qwen36_35b_a3b_nvfp4_fast/source/original.sh	3185d7302393d21a82956e7bb98bbc927d279eaf6336ca46bf329931950ebef8	identity-copy
wsl	/home/workbench/inference/serve/vllm/nvidia_qwen36_27b_nvfp4_dflash.log	f6c0016bd30171e5fd7c369f1e82d5fbf4562b3d1637d64d7b63b0facd56abd6	generated-file	generated	generated-ignore	-	-	generated-file
wsl	/home/workbench/inference/serve/vllm/serve_aeon_qwen36_27b_nvfp4.sh	68c8501316aff38c91888829b5d390ece10582cebeff832ec1b7dc14b822b75f	source-file	workspace-source	merge	serve/vllm/rtx6000/aeon_qwen36_27b_nvfp4/source/original.sh	68c8501316aff38c91888829b5d390ece10582cebeff832ec1b7dc14b822b75f	identity-copy
wsl	/home/workbench/inference/serve/vllm/serve_bottlecapai_thinkingcap_qwen36_27b_fp8.sh	62ec5668b53b2c657d89b0f784173781e4798ad6ac794c0a3b7c6ca0d23d4144	source-file	workspace-source	merge	serve/vllm/rtx6000/bottlecapai_thinkingcap_qwen36_27b_fp8/source/original.sh	62ec5668b53b2c657d89b0f784173781e4798ad6ac794c0a3b7c6ca0d23d4144	identity-copy
wsl	/home/workbench/inference/serve/vllm/serve_deepseek_v4_flash_tp2.sh	bee99d93af538d6c9f6f0703b0fc0f100aa3dd620075b94215c60277a2980b9c	source-file	workspace-source	merge	serve/vllm/rtx6000/deepseek_v4_flash_tp2/source/original.sh	bee99d93af538d6c9f6f0703b0fc0f100aa3dd620075b94215c60277a2980b9c	identity-copy
wsl	/home/workbench/inference/serve/vllm/serve_gemma4_12b_awq.sh	9b61c2a8e3f0e80847ca3c7ef6d6e15c2e85ceceec5455c5674816a1903cd9ec	source-file	workspace-source	merge	serve/vllm/rtx6000/gemma4_12b_awq/source/original.sh	9b61c2a8e3f0e80847ca3c7ef6d6e15c2e85ceceec5455c5674816a1903cd9ec	identity-copy
wsl	/home/workbench/inference/serve/vllm/serve_gemma4_31b_nvfp4.sh	ab38bc34fe517e73bfd3a1abc1d2068f1455df8532e329235407ac2b285f74e4	source-file	workspace-source	merge	serve/vllm/rtx6000/gemma4_31b_nvfp4/source/original.sh	ab38bc34fe517e73bfd3a1abc1d2068f1455df8532e329235407ac2b285f74e4	identity-copy
wsl	/home/workbench/inference/serve/vllm/serve_lfm25_8b_a1b_prismaquant_65bit.sh	68221e3caa940e992aa549b28254cba21feacd795aedd9449f417e20575c22f2	source-file	workspace-source	merge	serve/vllm/rtx6000/lfm25_8b_a1b_prismaquant_65bit/source/original.sh	68221e3caa940e992aa549b28254cba21feacd795aedd9449f417e20575c22f2	identity-copy
wsl	/home/workbench/inference/serve/vllm/serve_morosystems_thinkingcap_qwen36_27b_nvfp4.sh	625e80dd3ffdbd74705a08599cdc3ba1f56b8c8799de78c10549c0496b122939	source-file	workspace-source	merge	serve/vllm/rtx6000/morosystems_thinkingcap_qwen36_27b_nvfp4/source/original.sh	625e80dd3ffdbd74705a08599cdc3ba1f56b8c8799de78c10549c0496b122939	identity-copy
wsl	/home/workbench/inference/serve/vllm/serve_nvidia_qwen36_27b_nvfp4.sh	e46f1768e943a25943d7e7e7d38a5365526ac68f5d1c5e5c0ea619b3bb9d99e7	source-file	workspace-source	merge	serve/vllm/rtx6000/nvidia_qwen36_27b_nvfp4/source/original.sh	e46f1768e943a25943d7e7e7d38a5365526ac68f5d1c5e5c0ea619b3bb9d99e7	identity-copy
wsl	/home/workbench/inference/serve/vllm/serve_nvidia_qwen36_27b_nvfp4_dflash11_bf16kv.sh	c5742ae134eea9644c3636f2b7311022dc52c61b1c370ab7e34988b14b410f2a	source-file	workspace-source	merge	serve/vllm/rtx6000/nvidia_qwen36_27b_nvfp4_dflash11_bf16kv/source/original.sh	c5742ae134eea9644c3636f2b7311022dc52c61b1c370ab7e34988b14b410f2a	identity-copy
wsl	/home/workbench/inference/serve/vllm/serve_nvidia_qwen36_27b_nvfp4_dflsh11.sh	5c3a398e435055ddf65b2e7d0da5f583f3ab41c30a521118af329d301fb434e3	source-file	workspace-source	merge	serve/vllm/rtx6000/nvidia_qwen36_27b_nvfp4_dflash11/source/original.sh	5c3a398e435055ddf65b2e7d0da5f583f3ab41c30a521118af329d301fb434e3	identity-copy
wsl	/home/workbench/inference/serve/vllm/serve_nvidia_qwen36_27b_nvfp4_mtp3_bf16kv.sh	35cc65c35587dea0306924748600b202b69a0ecc7bde994eec2e645ab6849737	source-file	workspace-source	merge	serve/vllm/rtx6000/nvidia_qwen36_27b_nvfp4_mtp3_bf16kv/source/original.sh	35cc65c35587dea0306924748600b202b69a0ecc7bde994eec2e645ab6849737	identity-copy
wsl	/home/workbench/inference/serve/vllm/serve_prismascout_qwen36_27b_nvfp4.sh	c75d417901863c87d8610bdb115ec3ef1527c586f24012d5bb74919ee50dc877	source-file	workspace-source	merge	serve/vllm/rtx6000/prismascout_qwen36_27b_nvfp4/source/original.sh	c75d417901863c87d8610bdb115ec3ef1527c586f24012d5bb74919ee50dc877	identity-copy
wsl	/home/workbench/inference/serve/vllm/serve_qwen35_122b_a10b_nvfp4.sh	ea52c9e5f95973a853b6cf692912a1a9433c5bc563ace16290b81f7d6fdbf9e2	source-file	workspace-source	merge	serve/vllm/rtx6000/qwen35_122b_a10b_nvfp4/source/original.sh	ea52c9e5f95973a853b6cf692912a1a9433c5bc563ace16290b81f7d6fdbf9e2	identity-copy
wsl	/home/workbench/inference/serve/vllm/serve_qwen36_27b_fp8.sh	41c59e66ad7622a415c24ab801e959e9e313f736d85300bd993ecb48db738761	source-file	workspace-source	merge	serve/vllm/rtx6000/qwen36_27b_fp8/source/original.sh	41c59e66ad7622a415c24ab801e959e9e313f736d85300bd993ecb48db738761	identity-copy
wsl	/home/workbench/inference/serve/vllm/serve_qwen36_27b_fp8_dflash.sh	bef5a56045777ba60568d1f55c93d89570dfe30c0826c5e443db06c341ce98a0	source-file	workspace-source	merge	serve/vllm/rtx6000/qwen36_27b_fp8_dflash/source/original.sh	bef5a56045777ba60568d1f55c93d89570dfe30c0826c5e443db06c341ce98a0	identity-copy
wsl	/home/workbench/inference/serve/vllm/serve_qwen36_a3b_fp8.sh	f95ee3664ceda453b98cbff1ddbcb62bbec4834e8fd291874161c91acd4ebc2e	source-file	workspace-source	merge	serve/vllm/rtx6000/qwen36_a3b_fp8/source/original.sh	f95ee3664ceda453b98cbff1ddbcb62bbec4834e8fd291874161c91acd4ebc2e	identity-copy
wsl	/home/workbench/inference/serve/vllm/serve_qwen36_a3b_fp8_dflash.sh	23cedbba49962618654f0929134eebd18bcd1f8dd0b3b029e52a6474b73050f3	source-file	workspace-source	merge	serve/vllm/rtx6000/qwen36_a3b_fp8_dflash/source/original.sh	23cedbba49962618654f0929134eebd18bcd1f8dd0b3b029e52a6474b73050f3	identity-copy
wsl	/home/workbench/inference/serve/vllm/serve_qwen36_a3b_fp8_mtp.sh	e3deefe1399b1b058c951c0152efa357614a1aeb1ae340069fa6ed28ffc5ea12	source-file	workspace-source	merge	serve/vllm/rtx6000/qwen36_a3b_fp8_mtp/source/original.sh	e3deefe1399b1b058c951c0152efa357614a1aeb1ae340069fa6ed28ffc5ea12	identity-copy
wsl	/home/workbench/inference/serve/vllm/serve_qwen36_a3b_nvfp4.sh	32d4bfd478bda31314ab9c8291ef6b09b85d47b25b7f555e254e55ba94c43260	source-file	workspace-source	merge	serve/vllm/rtx6000/qwen36_a3b_nvfp4/source/original.sh	32d4bfd478bda31314ab9c8291ef6b09b85d47b25b7f555e254e55ba94c43260	identity-copy
wsl	/home/workbench/inference/serve/vllm/serve_qwen36_nvfp4_base.sh	97c832613ff965f1020519f3ca6e3c541f863eb92396a6e25ffd4d50220cef18	source-file	workspace-source	merge	serve/vllm/rtx6000/qwen36_nvfp4_base/source/original.sh	97c832613ff965f1020519f3ca6e3c541f863eb92396a6e25ffd4d50220cef18	identity-copy
wsl	/home/workbench/inference/serve/vllm/serve_qwen36_nvfp4_mtp.sh	09aaad52a41e6078531aea3804d344f19f7af9cc12857e667aa02c195a546dc5	source-file	workspace-source	merge	serve/vllm/rtx6000/qwen36_nvfp4_mtp/source/original.sh	09aaad52a41e6078531aea3804d344f19f7af9cc12857e667aa02c195a546dc5	identity-copy
wsl	/home/workbench/inference/serve/vllm/serve_unsloth_qwen36_27b_nvfp4.sh	4b6ada0056c048eb2b2a249303123bcfb614215834d4cb419d6ded0a21aca76b	source-file	workspace-source	merge	serve/vllm/rtx6000/unsloth_qwen36_27b_nvfp4/source/original.sh	4b6ada0056c048eb2b2a249303123bcfb614215834d4cb419d6ded0a21aca76b	identity-copy
wsl	/home/workbench/inference/serve/vllm/serve_unsloth_qwen36_35b_a3b_nvfp4_fast.sh	5f5efd11220b823af5b6bf4792c333a0b7a82854d638fc52d5580befc56cad0e	source-file	workspace-source	merge	serve/vllm/rtx6000/unsloth_qwen36_35b_a3b_nvfp4_fast/source/original.sh	5f5efd11220b823af5b6bf4792c333a0b7a82854d638fc52d5580befc56cad0e	identity-copy
wsl	/home/workbench/inference/sweep/dflash_only_remote.sh	bfa4fd9e1d2369601ed6d77600bba704b7fc1d3d9a693333bedffcdb6abc7dbe	source-file	workspace-source	import	sweep/dflash_only_remote.sh	bfa4fd9e1d2369601ed6d77600bba704b7fc1d3d9a693333bedffcdb6abc7dbe	identity
wsl	/home/workbench/inference/sweep/fp8_coding_mtp_remote.sh	f77ec215c3afa67639dbee1352a511aa005e7e89dec4f600f08571b7c671e271	source-file	workspace-source	import	sweep/fp8_coding_mtp_remote.sh	f77ec215c3afa67639dbee1352a511aa005e7e89dec4f600f08571b7c671e271	identity
wsl	/home/workbench/inference/sweep/fp8_mtp_sweep_remote.sh	c84ee4075846cf02c75b099e1ef6c55594bac1ebbc0ad60690d95adf044db846	source-file	workspace-source	import	sweep/fp8_mtp_sweep_remote.sh	c84ee4075846cf02c75b099e1ef6c55594bac1ebbc0ad60690d95adf044db846	identity
wsl	/home/workbench/inference/sweep/fp8_sweep_remote.sh	36752dc3627d7b9b59e27dbc52db71f79183ab7aa822afa4fc2b16d2076c633e	source-file	workspace-source	import	sweep/fp8_sweep_remote.sh	36752dc3627d7b9b59e27dbc52db71f79183ab7aa822afa4fc2b16d2076c633e	identity
wsl	/home/workbench/inference/sweep/nvfp4_sweep_remote.sh	5d4eafe86827eb60759842e3de2f83ca7dbfbf7702e0bd2e018f9bb3b3a15b12	source-file	workspace-source	import	sweep/nvfp4_sweep_remote.sh	5d4eafe86827eb60759842e3de2f83ca7dbfbf7702e0bd2e018f9bb3b3a15b12	identity
wsl	/home/workbench/inference/sweep/prefill_chunk_sweep_local.sh	5c0b3e8024b301e6182b28e40f18bc317ad69b44b27b78095492f2ae624e05e6	source-file	workspace-source	import	sweep/prefill_chunk_sweep_local.sh	5c0b3e8024b301e6182b28e40f18bc317ad69b44b27b78095492f2ae624e05e6	identity
wsl	/home/workbench/inference/sweep/serve_sglang_a3b_dflash_remote.sh	fdf9ad32609e4ce76e3f470626a766bc9219321d5dd0e7082bdffb7b838b113b	source-file	workspace-source	import	sweep/serve_sglang_a3b_dflash_remote.sh	fdf9ad32609e4ce76e3f470626a766bc9219321d5dd0e7082bdffb7b838b113b	identity
wsl	/home/workbench/inference/sweep/sglang_prefill_sweep_local.sh	9e81d1254e4611bd3d2da565d11063bc71f3381acd13de94e9c281fc1d05355a	source-file	workspace-source	import	sweep/sglang_prefill_sweep_local.sh	9e81d1254e4611bd3d2da565d11063bc71f3381acd13de94e9c281fc1d05355a	identity
wsl	/home/workbench/inference/sweep/sweep_model.sh	2b5db4869c1cf0989b8b0df4b801adfc2959483c40f242f697b21e6f3bc2acd4	source-file	workspace-source	import	sweep/sweep_model.sh	2b5db4869c1cf0989b8b0df4b801adfc2959483c40f242f697b21e6f3bc2acd4	identity
wsl	/home/workbench/inference/sweep/sweep_one.sh	1eb938978bc26deb100538cfc9ce4a827374754c01360ab2fb5d826a3cc7e81d	source-file	workspace-source	import	sweep/sweep_one.sh	1eb938978bc26deb100538cfc9ce4a827374754c01360ab2fb5d826a3cc7e81d	identity
wsl	/home/workbench/inference/tok-qwen35-122b	-	excluded-root	generated-ignore	generated-ignore	-	-	excluded-root
wsl	/home/workbench/inference/tools/codex-shim/setup-guide/SETUP.md	3f7dbccc572c661c024bbfe75ee25745f715b99771e24f785356ade8aae01c02	source-file	workspace-source	import	tools/codex-shim/setup-guide/SETUP.md	3f7dbccc572c661c024bbfe75ee25745f715b99771e24f785356ade8aae01c02	identity
wsl	/home/workbench/inference/tools/codex-shim/setup-guide/example-models.json	598c84b0db83ef9daf376d0361fbe62c435a6d928079a708f594515aa24766b0	source-file	workspace-source	import	tools/codex-shim/setup-guide/example-models.json	598c84b0db83ef9daf376d0361fbe62c435a6d928079a708f594515aa24766b0	identity
wsl	/home/workbench/inference/tools/codex-shim/setup-guide/quickstart.sh	d1f2eb4525fa15083084e3f1fd946dd817451d432a580f45dfefdaada2699a5a	source-file	workspace-source	import	tools/codex-shim/setup-guide/quickstart.sh	d1f2eb4525fa15083084e3f1fd946dd817451d432a580f45dfefdaada2699a5a	identity
wsl	/home/workbench/inference/tools/codex-shim/setup/SETUP.md	ee3950df2c9ea6a019d75d04cb64d6079f3a373e8e6d3b1e2df3f458ddaa1cf4	source-file	workspace-source	import	tools/codex-shim/setup/SETUP.md	ee3950df2c9ea6a019d75d04cb64d6079f3a373e8e6d3b1e2df3f458ddaa1cf4	identity
wsl	/home/workbench/inference/tools/codex-shim/setup/codex-shim	-	dependency-tree	vendored-dependency	dependency-pin	dependencies/manifest.tsv	0d1233c6278b1dd32aecc36c9f776b870a6be401c919e0741bd3d00a3da01d9c	clean-pin-record
wsl	/home/workbench/inference/tools/codex-shim/setup/feature-idea-provider-abstraction.md	6cca6d03cc8d36dd327e0df037dbb8fb1f46a9ee0273899fa8b5a41e3028c1d0	source-file	workspace-source	import	tools/codex-shim/setup/feature-idea-provider-abstraction.md	6cca6d03cc8d36dd327e0df037dbb8fb1f46a9ee0273899fa8b5a41e3028c1d0	identity
wsl	/home/workbench/inference/tools/codex-shim/setup/models.json	098522b82eca50a237f4ca529bc5adbde2f8b89d0efad7be28343469bf5e2209	generated-file	generated	generated-ignore	-	-	generated-file
wsl	/home/workbench/inference/tools/codex-shim/setup/venv	-	excluded-root	generated-ignore	generated-ignore	-	-	excluded-root
wsl	/home/workbench/inference/tools/codex-shim/src	-	dependency-tree	vendored-dependency	dependency-pin	dependencies/manifest.tsv	0d1233c6278b1dd32aecc36c9f776b870a6be401c919e0741bd3d00a3da01d9c	clean-pin-record
wsl	/home/workbench/inference/vllm/multi-node-qwen36-27b-nvfp4.md	b04ef37cd8c45bca0ce33ea15a7396a1fd5554d2c660e03319a1f6228c3a10fe	source-file	workspace-source	import	vllm/multi-node-qwen36-27b-nvfp4.md	b04ef37cd8c45bca0ce33ea15a7396a1fd5554d2c660e03319a1f6228c3a10fe	identity
